FIPS,County,State,SY2017_18,SY2018_19,SY2019_20,SY2020_21,SY2021_22,SY2022_23,SY2023_24
1001,Autauga,AL,,,0.8866,0.8977,0.9201,0.9123,
1003,Baldwin,AL,,,0.9291,0.8804,0.9332,0.9257,
1005,Barbour,AL,,,0.9256,0.9342,0.9248,0.9459,
1007,Bibb,AL,,,0.9598,0.9438,0.9474,0.9122,
1009,Blount,AL,,,0.9762,0.9626,0.9765,0.97,
1011,Bullock,AL,,,0.9174,0.9159,0.9643,0.971,
1013,Butler,AL,,,0.9813,0.9684,0.9828,0.9357,
1015,Calhoun,AL,,,0.9612,0.9626,0.9525,0.9411,
1017,Chambers,AL,,,0.975,0.9547,0.9465,0.9312,
1019,Cherokee,AL,,,0.9632,0.9797,0.9496,0.9713,
1021,Chilton,AL,,,0.9286,0.9647,0.9431,0.9291,
1023,Choctaw,AL,,,0.8966,0.9237,0.9009,0.8929,
1025,Clarke,AL,,,0.9715,0.9796,0.9514,0.9341,
1027,Clay,AL,,,0.9745,0.957,0.9263,0.9844,
1029,Cleburne,AL,,,0.9684,0.9462,0.9399,0.9524,
1031,Coffee,AL,,,0.9684,0.971,0.9607,0.9612,
1033,Colbert,AL,,,0.9712,0.9326,0.9362,0.9359,
1035,Conecuh,AL,,,0.9863,0.9118,0.8793,0.9065,
1037,Coosa,AL,,,0.9839,0.9688,0.942,0.9859,
1039,Covington,AL,,,0.9915,0.9711,0.973,0.968,
1041,Crenshaw,AL,,,0.9831,0.9797,0.9714,0.9837,
1043,Cullman,AL,,,0.9557,0.9564,0.9501,0.9148,
1045,Dale,AL,,,0.9634,0.9539,0.9448,0.9679,
1047,Dallas,AL,,,0.9441,0.9587,0.9331,0.9353,
1049,DeKalb,AL,,,0.9502,0.9547,0.9352,0.9396,
1051,Elmore,AL,,,0.9262,0.9399,0.9562,0.9357,
1053,Escambia,AL,,,0.9711,0.9559,0.9587,0.9695,
1055,Etowah,AL,,,0.9353,0.953,0.9553,0.9539,
1057,Fayette,AL,,,0.9281,0.9282,0.9412,0.88,
1059,Franklin,AL,,,0.9517,0.9599,0.9626,0.9616,
1061,Geneva,AL,,,0.9896,0.9938,0.9743,0.9785,
1063,Greene,AL,,,0.8974,0.898,0.7966,0.7949,
1065,Hale,AL,,,0.9144,0.8871,0.8895,0.8968,
1067,Henry,AL,,,0.9833,0.9606,0.962,0.9417,
1069,Houston,AL,,,0.9351,0.9357,0.9285,0.9373,
1071,Jackson,AL,,,0.9361,0.9473,0.9476,0.94,
1073,Jefferson,AL,,,0.9614,0.9569,0.9514,0.9557,
1075,Lamar,AL,,,0.9944,0.989,0.9703,0.9787,
1077,Lauderdale,AL,,,0.9671,0.9682,0.964,0.9441,
1079,Lawrence,AL,,,0.9653,0.9638,0.9573,0.9828,
1081,Lee,AL,,,0.9666,0.9636,0.9631,0.9466,
1083,Limestone,AL,,,0.971,0.959,0.9437,0.9435,
1085,Lowndes,AL,,,0.9907,0.9444,0.8958,0.9265,
1087,Macon,AL,,,0.8889,0.9724,0.9531,0.9462,
1089,Madison,AL,,,0.9526,0.9519,0.9295,0.9385,
1091,Marengo,AL,,,0.9286,0.9142,0.9129,0.9018,
1093,Marion,AL,,,0.9387,0.9318,0.9227,0.8676,
1095,Marshall,AL,,,0.9511,0.9527,0.9541,0.9351,
1097,Mobile,AL,,,0.9582,0.9422,0.9271,0.9245,
1099,Monroe,AL,,,0.958,0.9723,0.9789,0.972,
1101,Montgomery,AL,,,0.935,0.9294,0.921,0.9263,
1103,Morgan,AL,,,0.9689,0.9483,0.9389,0.9342,
1105,Perry,AL,,,0.9701,0.9024,0.8851,0.8718,
1107,Pickens,AL,,,0.9573,0.9367,0.9061,0.9085,
1109,Pike,AL,,,0.9503,0.948,0.9551,0.9511,
1111,Randolph,AL,,,0.9472,0.952,0.9043,0.9248,
1113,Russell,AL,,,0.9069,0.8901,0.8772,0.899,
1115,St Clair,AL,,,0.9557,0.9605,0.9527,0.9364,
1117,Shelby,AL,,,0.9596,0.9576,0.9461,0.9444,
1119,Sumter,AL,,,1,1,0.9626,0.9885,
1121,Talladega,AL,,,0.9795,0.9644,0.9555,0.928,
1123,Tallapoosa,AL,,,0.9764,0.9654,0.9842,0.9629,
1125,Tuscaloosa,AL,,,0.9424,0.9243,0.9304,0.9273,
1127,Walker,AL,,,0.9826,0.979,0.9698,0.9605,
1129,Washington,AL,,,0.9811,0.9444,0.9385,0.9153,
1131,Wilcox,AL,,,0.9123,0.9012,0.8571,0.9254,
1133,Winston,AL,,,0.9346,0.928,0.9401,0.9169,
4001,Apache,AZ,0.965,0.934,0.923,0.927,0.885,0.883,0.9
4003,Cochise,AZ,0.956,0.955,0.952,0.922,0.901,0.865,0.891
4005,Coconino,AZ,0.902,0.91,0.925,0.873,0.892,0.873,0.868
4007,Gila,AZ,0.909,0.914,0.93,0.875,0.858,0.857,0.799
4009,Graham,AZ,0.945,0.929,0.947,0.905,0.922,0.913,0.913
4011,Greenlee,AZ,0.936,0.95,0.977,0.913,0.895,0.82,0.842
4012,La Paz,AZ,0.981,0.968,0.955,0.902,0.903,0.926,0.952
4013,Maricopa,AZ,0.931,0.927,0.932,0.919,0.906,0.898,0.875
4015,Mohave,AZ,0.921,0.884,0.903,0.871,0.843,0.828,0.76
4017,Navajo,AZ,0.904,0.884,0.937,0.889,0.87,0.805,0.797
4019,Pima,AZ,0.964,0.959,0.956,0.943,0.938,0.937,0.928
4021,Pinal,AZ,0.937,0.922,0.932,0.921,0.894,0.901,0.89
4023,Santa Cruz,AZ,0.97,0.971,0.971,0.973,0.966,0.974,0.964
4025,Yavapai,AZ,0.811,0.833,0.834,0.795,0.773,0.765,0.752
4027,Yuma,AZ,0.97,0.973,0.977,0.969,0.954,0.957,0.954
6001,Alameda,CA,0.9488,0.9508,0.9852,0.9259,0.9719,0.972,0.96359
6005,Amador,CA,0.9098,0.8836,0.9448,0.9455,0.9408,0.9402,0.96269
6007,Butte,CA,0.9047,0.915,0.9752,0.97,0.9788,0.9779,0.96918
6009,Calaveras,CA,0.8308,0.8612,0.956,0.9282,0.964,0.9323,0.93852
6011,Colusa,CA,0.9306,0.9494,0.99,0.9653,0.99,0.99,0.98337
6013,Contra Costa,CA,0.9482,0.9459,0.9795,0.9644,0.9747,0.9785,0.97856
6015,Del Norte,CA,0.8568,0.9256,0.9848,0.9433,0.9516,0.8903,0.91964
6017,El Dorado,CA,0.8699,0.8585,0.8264,0.8483,0.8361,0.8278,0.8029
6019,Fresno,CA,0.9549,0.9595,0.9789,0.9827,0.9752,0.9759,0.97461
6021,Glenn,CA,0.8702,0.8992,0.8854,0.9063,0.8741,0.8354,0.80806
6023,Humboldt,CA,0.7887,0.7987,0.923,0.9261,0.9155,0.9143,0.92801
6025,Imperial,CA,0.9354,0.9383,0.9804,0.9482,0.9724,0.9857,0.9787
6027,Inyo,CA,0.7968,0.8662,0.9889,0.9679,0.9536,0.9612,0.95556
6029,Kern,CA,0.9289,0.9191,0.9126,0.9087,0.916,0.9185,0.90718
6031,Kings,CA,0.9397,0.9564,0.9907,0.9863,0.9809,0.9861,0.98119
6033,Lake,CA,0.8878,0.9003,0.9535,0.9557,0.9695,0.9677,0.95323
6035,Lassen,CA,0.7368,0.7984,0.9629,0.9552,0.8984,0.9371,0.95798
6037,Los Angeles,CA,0.9425,0.9354,0.9703,0.9442,0.9673,0.9689,0.9706
6039,Madera,CA,0.9453,0.9512,0.9802,0.9776,0.975,0.9799,0.9824
6041,Marin,CA,0.9029,0.8821,0.9692,0.9767,0.9909,0.9897,0.9889
6043,Mariposa,CA,,0.6151,0.9563,0.9018,0.9766,0.9665,0.96667
6045,Mendocino,CA,0.8592,0.7921,0.8966,0.9188,0.9374,0.9312,0.94941
6047,Merced,CA,0.9527,0.9635,0.9867,0.9676,0.9736,0.9685,0.97513
6049,Modoc,CA,0.8593,0.8467,0.975,0.9658,0.9804,0.99,0.99
6051,Mono,CA,0.7255,0.8329,0.9275,0.99,0.99,0.99,0.98137
6053,Monterey,CA,0.9489,0.9467,0.9863,0.9879,0.9877,0.9865,0.9859
6055,Napa,CA,0.8962,0.88,0.98,0.9674,0.988,0.9834,0.9899
6057,Nevada,CA,0.7471,0.7389,0.8325,0.8537,0.8695,0.8879,0.88695
6059,Orange,CA,0.9418,0.9416,0.9739,0.9676,0.977,0.9771,0.97374
6061,Placer,CA,0.9216,0.9156,0.9365,0.9462,0.9543,0.9579,0.963
6063,Plumas,CA,0.8009,0.7842,0.9663,0.9476,0.9604,0.966,0.92593
6065,Riverside,CA,0.9594,0.9577,0.9582,0.9461,0.9642,0.9652,0.9585
6067,Sacramento,CA,0.9366,0.9291,0.9585,0.9447,0.9584,0.9682,0.96436
6069,San Benito,CA,0.9297,0.9344,0.9736,0.9384,0.9888,0.9879,0.98469
6071,San Bernardino,CA,0.9554,0.951,0.9618,0.9306,0.9491,0.9472,0.93548
6073,San Diego,CA,0.9249,0.9159,0.9478,0.9543,0.9529,0.9533,0.9483
6075,San Francisco,CA,0.8991,0.9211,0.9756,0.9513,0.9642,0.982,0.98366
6077,San Joaquin,CA,0.9529,0.9516,0.9747,0.9703,0.9682,0.9637,0.96326
6079,San Luis Obispo,CA,0.9214,0.9203,0.9622,0.9688,0.9617,0.9674,0.96451
6081,San Mateo,CA,0.9387,0.9412,0.9812,0.9829,0.9819,0.9804,0.9854
6083,Santa Barbara,CA,0.9267,0.9392,0.9791,0.9704,0.9802,0.9847,0.98202
6085,Santa Clara,CA,0.9477,0.9501,0.9816,0.9757,0.9812,0.9875,0.98631
6087,Santa Cruz,CA,0.8784,0.87,0.9256,0.9219,0.9407,0.9247,0.91768
6089,Shasta,CA,0.8664,0.8597,0.9378,0.9191,0.9263,0.9479,0.95062
6091,Sierra,CA,0.7551,0.8444,0.95,0.95,0.9688,0.95,0.95
6093,Siskiyou,CA,0.7983,0.6663,0.9755,0.9071,0.93,0.9373,0.9636
6095,Solano,CA,0.9666,0.9631,0.9806,0.967,0.983,0.979,0.98162
6097,Sonoma,CA,0.8973,0.8861,0.947,0.9402,0.9503,0.9547,0.94952
6099,Stanislaus,CA,0.9396,0.9443,0.9782,0.9621,0.9635,0.9678,0.96631
6101,Sutter,CA,0.7681,0.6985,0.8785,0.843,0.7993,0.7871,0.7583
6103,Tehama,CA,0.8961,0.8815,0.9664,0.9737,0.9719,0.9677,0.97026
6105,Trinity,CA,0.281,0.411,0.913,0.8955,0.9316,0.9034,0.87586
6107,Tulare,CA,0.9712,0.9652,0.9792,0.9778,0.9817,0.9766,0.97778
6109,Tuolumne,CA,0.8514,0.8644,0.9366,0.9177,0.9346,0.9075,0.93077
6111,Ventura,CA,0.9337,0.9365,0.973,0.966,0.9712,0.9694,0.96631
6113,Yolo,CA,0.9231,0.9381,0.9659,0.9535,0.9578,0.9644,0.96614
6115,Yuba,CA,0.8941,0.9103,0.956,0.9393,0.9322,0.9379,0.91649
8001,Adams,CO,0.9359,0.941,0.9502,0.9246,0.9246,0.933,0.9203
8003,Alamosa,CO,0.8214,0.8705,0.856,0.8606,0.7688,0.8137,0.8477
8005,Arapahoe,CO,0.9196,0.9052,0.9328,0.9277,0.906,0.8951,0.8738
8007,Archuleta,CO,0.8173,0.7845,0.7615,0.8519,0.7594,0.7626,0.8207
8009,Baca,CO,0.9667,0.9583,0.9375,0.9024,0.878,0.9512,0.9048
8011,Bent,CO,1,0.96,0.9592,0.8571,1,0.88,0.8333
8013,Boulder,CO,0.8158,0.8136,0.9299,0.9257,0.8764,0.9213,0.915
8014,Broomfield,CO,0.9622,0.879,0.9387,0.937,0.9548,0.9543,0.9124
8015,Chaffee,CO,0.6766,0.879,0.8619,0.8654,0.8444,0.8901,0.7917
8017,Cheyenne,CO,0.9032,0.9231,0.9545,0.8182,0.875,0.7647,0.9231
8019,Clear Creek,CO,0.8364,0.8727,0.9318,0.8947,0.8113,0.8974,0.8298
8021,Conejos,CO,0.8661,0.8898,0.8898,0.9406,0.8621,0.9082,0.8725
8023,Costilla,CO,0.8824,0.8788,0.9474,0.7778,0.9118,0.9375,0.95
8025,Crowley,CO,0.9487,0.8571,1,1,0.9688,0.92,0.9048
8027,Custer,CO,0.8621,0.9545,0.963,0.5882,0.6818,0.6522,0.8627
8029,Delta,CO,0.85,0.879,0.8006,0.8561,0.826,0.784,0.8021
8031,Denver,CO,0.9024,0.8495,0.889,0.914,0.8764,0.7415,0.8902
8033,Dolores,CO,0.825,0.9048,0.9333,0.9333,0.8889,0.6154,0.5625
8035,Douglas,CO,0.9012,0.8638,0.9159,0.9267,0.9148,0.9048,0.9198
8037,Eagle,CO,0.9226,0.9501,0.9399,0.9239,0.8934,0.9099,0.9165
8039,Elbert,CO,0.8325,0.7379,0.8779,0.8,0.8548,0.834,0.7662
8041,El Paso,CO,0.8322,0.8153,0.8682,0.8381,0.8038,0.8081,0.7925
8043,Fremont,CO,0.8864,0.8508,0.9315,0.895,0.7825,0.8348,0.8915
8045,Garfield,CO,0.8735,0.8822,0.8906,0.8935,0.9198,0.8761,0.9165
8047,Gilpin,CO,0.7667,0.8529,0.8571,0.8148,0.7813,0.8261,0.7778
8049,Grand,CO,0.864,0.944,0.913,0.9029,0.8268,0.8125,0.8
8051,Gunnison,CO,0.7135,0.6336,0.7379,0.8394,0.8235,0.8047,0.8865
8053,Hinsdale,CO,0.4,0.5,0.5714,0.6667,0.6,0.5714,1
8055,Huerfano,CO,0.8704,0.9273,0.9273,0.7,0.7612,0.9535,0.9608
8057,Jackson,CO,0.2,,0.9,0.8889,0.8824,0.75,0.8889
8059,Jefferson,CO,0.8877,0.9006,0.9203,0.9215,0.9141,0.9054,0.9147
8061,Kiowa,CO,1,1,1,0.95,0.9615,0.9444,1
8063,Kit Carson,CO,0.9625,0.922,0.9294,0.8681,0.9355,0.8947,0.9273
8065,Lake,CO,0.8966,0.8831,0.9091,0.9231,0.7568,0.8824,0.7077
8067,La Plata,CO,0.8794,0.8547,0.8983,0.8483,0.8105,0.8376,0.8773
8069,Larimer,CO,0.9011,0.9018,0.9053,0.8838,0.8936,0.8756,0.8771
8071,Las Animas,CO,0.9524,0.9137,0.931,0.8951,0.9227,0.9231,0.882
8073,Lincoln,CO,0.9412,0.8113,0.8409,0.8308,0.8364,0.8269,0.8148
8075,Logan,CO,0.9267,0.9307,0.9301,0.9378,0.9698,0.9524,0.9426
8077,Mesa,CO,0.8864,0.8529,0.9086,0.9053,0.8436,0.8765,0.857
8079,Mineral,CO,0.75,0.7692,0.8333,0.8333,1,1,1
8081,Moffat,CO,0.8595,,0.8875,0.9648,0.9392,0.9524,0.942
8083,Montezuma,CO,0.966,0.8995,0.9021,0.8674,0.8298,0.8426,0.8769
8085,Montrose,CO,0.8497,0.8811,0.9129,0.911,0.8372,0.833,0.8802
8087,Morgan,CO,0.9056,0.9366,0.9673,0.9191,0.9126,0.9007,0.9268
8089,Otero,CO,0.948,0.9274,0.9306,0.9302,0.9012,0.8973,0.9283
8091,Ouray,CO,0.8611,0.8103,0.8548,0.6923,0.9143,0.9063,0.8333
8093,Park,CO,0.811,0.8525,0.8473,0.9074,0.8875,0.899,0.8706
8095,Phillips,CO,0.8481,0.7027,0.7875,0.8205,0.9067,0.8448,0.7679
8097,Pitkin,CO,0.8939,0.8462,0.9541,0.8942,0.9554,0.9672,0.9278
8099,Prowers,CO,0.9648,0.981,0.9669,0.9874,0.9565,0.96,0.9943
8101,Pueblo,CO,0.8627,0.868,0.9041,0.8739,0.8227,0.8427,0.871
8103,Rio Blanco,CO,0.9,0.9091,0.8966,0.9091,0.9405,0.8382,0.878
8105,Rio Grande,CO,0.9106,0.8986,0.9206,0.9386,0.8522,0.9138,0.875
8107,Routt,CO,0.8697,0.8839,0.9244,0.9004,0.9281,0.8759,0.9364
8109,Saguache,CO,0.8987,0.7671,0.8219,0.8429,0.8615,0.8219,0.9589
8111,San Juan,CO,0.8,,0.75,0.8333,1,0.6667,1
8113,San Miguel,CO,0.8406,0.8481,0.8594,0.8953,0.9263,0.7647,0.8615
8115,Sedgwick,CO,1,0.9118,0.8667,0.7368,0.913,1,0.8276
8117,Summit,CO,0.8409,0.8368,0.8874,0.8874,0.8975,0.8908,0.9344
8119,Teller,CO,0.7925,0.8531,0.873,0.8268,0.8394,0.7733,0.7829
8121,Washington,CO,0.8125,0.5,0.7568,0.8077,0.8082,0.8889,0.8409
8123,Weld,CO,0.9411,0.8945,0.9461,0.9436,0.9477,0.9433,0.9349
8125,Yuma,CO,0.9767,0.9191,0.9924,0.8941,0.9776,0.973,0.9435
9001,Fairfield,CT,0.96,0.956,0.962,0.961,0.954,0.968,0.974
9003,Hartford,CT,0.968,0.96,0.961,0.945,0.954,0.975,0.984
9005,Litchfield,CT,0.964,0.959,0.948,0.95,0.958,0.982,0.981
9007,Middlesex,CT,0.965,0.974,0.969,0.957,0.964,0.972,0.98
9009,New Haven,CT,0.972,0.969,0.968,0.95,0.967,0.979,0.975
9011,New London,CT,0.965,0.962,0.965,0.963,0.953,0.972,0.972
9013,Tolland,CT,0.96,0.962,0.957,0.958,0.957,0.967,0.978
9015,Windham,CT,0.936,0.936,0.928,0.935,0.928,0.965,0.966
11001,District of Columbia,DC,,,,0.789,0.82,0.875,0.92
12001,Alachua,FL,0.911,0.942,0.945,0.943,0.915,0.922,
12003,Baker,FL,0.967,0.959,0.962,0.981,0.972,0.953,
12005,Bay,FL,0.963,0.959,0.956,0.944,0.924,0.868,
12007,Bradford,FL,0.987,0.951,0.952,0.967,0.941,0.937,
12009,Brevard,FL,0.965,0.951,0.952,0.952,0.93,0.881,
12011,Broward,FL,0.943,0.942,0.939,0.936,0.917,0.919,
12013,Calhoun,FL,0.975,0.958,0.968,0.962,0.958,0.953,
12015,Charlotte,FL,0.929,0.944,0.928,0.96,0.902,0.902,
12017,Citrus,FL,0.936,0.947,0.933,0.919,0.91,0.925,
12019,Clay,FL,0.946,0.963,0.961,0.962,0.943,0.936,
12021,Collier,FL,0.938,0.928,0.928,0.931,0.901,0.881,
12023,Columbia,FL,0.945,0.943,0.952,0.95,0.939,0.946,
12027,De Soto,FL,0.967,0.947,0.96,0.959,0.954,0.96,
12029,Dixie,FL,0.938,0.98,0.969,0.981,0.977,0.98,
12031,Duval,FL,0.951,0.947,0.938,0.907,0.895,0.889,
12033,Escambia,FL,0.938,0.93,0.929,0.916,0.895,0.913,
12035,Flagler,FL,0.919,0.93,0.932,0.941,0.92,0.899,
12037,Franklin,FL,0.992,1,0.981,0.991,0.977,0.842,
12039,Gadsden,FL,0.966,0.998,0.977,0.891,0.811,0.934,
12041,Gilchrist,FL,0.978,0.945,0.964,0.968,0.927,0.912,
12043,Glades,FL,0.984,0.948,0.944,0.967,0.978,0.986,
12045,Gulf,FL,0.98,0.958,0.968,0.962,0.968,0.947,
12047,Hamilton,FL,0.973,0.984,0.962,0.955,0.909,0.917,
12049,Hardee,FL,0.991,0.973,0.991,0.985,0.987,0.962,
12051,Hendry,FL,0.975,0.971,0.952,0.951,0.944,0.925,
12053,Hernando,FL,0.947,0.939,0.931,0.908,0.911,0.903,
12055,Highlands,FL,0.955,0.945,0.962,0.941,0.929,0.896,
12057,Hillsborough,FL,0.944,0.942,0.952,0.958,0.939,0.911,
12059,Holmes,FL,0.984,0.984,0.988,0.983,0.985,0.974,
12061,Indian River,FL,0.964,0.942,0.945,0.934,0.878,0.927,
12063,Jackson,FL,0.969,0.942,0.965,0.917,0.967,0.935,
12065,Jefferson,FL,0.946,0.939,0.942,0.989,0.931,0.93,
12067,Lafayette,FL,0.968,1,0.935,0.961,0.905,0.911,
12069,Lake,FL,0.939,0.941,0.938,0.903,0.909,0.886,
12071,Lee,FL,0.941,0.93,0.932,0.943,0.923,0.916,
12073,Leon,FL,0.952,0.944,0.953,0.937,0.955,0.953,
12075,Levy,FL,0.961,0.972,0.952,0.973,0.944,0.957,
12077,Liberty,FL,0.97,0.968,0.938,0.909,0.957,0.981,
12079,Madison,FL,0.978,0.914,0.984,0.967,0.915,0.96,
12081,Manatee,FL,0.932,0.954,0.935,0.932,0.916,0.924,
12083,Marion,FL,0.947,0.949,0.95,0.954,0.941,0.908,
12085,Martin,FL,0.913,0.916,0.908,0.913,0.905,0.903,
12086,Miami-Dade,FL,0.928,0.933,0.934,0.929,0.92,0.909,
12087,Monroe,FL,0.921,0.901,0.906,0.933,0.905,0.921,
12089,Nassau,FL,0.931,0.942,0.938,0.941,0.949,0.898,
12091,Okaloosa,FL,0.961,0.945,0.948,0.948,0.92,0.901,
12093,Okeechobee,FL,0.95,0.95,0.945,0.981,0.968,0.974,
12095,Orange,FL,0.911,0.915,0.9,0.896,0.882,0.873,
12097,Osceola,FL,0.929,0.931,0.919,0.892,0.885,0.869,
12099,Palm Beach,FL,0.931,0.935,0.921,0.932,0.895,0.906,
12101,Pasco,FL,0.943,0.946,0.94,0.948,0.943,0.93,
12103,Pinellas,FL,0.923,0.918,0.922,0.922,0.903,0.893,
12105,Polk,FL,0.957,0.959,0.957,0.963,0.958,0.932,
12107,Putnam,FL,0.943,0.954,0.953,0.932,0.897,0.913,
12109,St Johns,FL,0.932,0.927,0.927,0.944,0.921,0.908,
12111,St Lucie,FL,0.944,0.944,0.929,0.935,0.92,0.913,
12113,Santa Rosa,FL,0.917,0.944,0.949,0.921,0.922,0.919,
12115,Sarasota,FL,0.9,0.899,0.897,0.898,0.874,0.848,
12117,Seminole,FL,0.913,0.93,0.919,0.929,0.923,0.902,
12119,Sumter,FL,0.94,0.961,0.954,0.963,0.942,0.922,
12121,Suwannee,FL,0.953,0.957,0.935,0.948,0.916,0.928,
12123,Taylor,FL,0.985,0.956,0.98,0.978,0.989,0.976,
12125,Union,FL,0.975,0.964,0.954,0.962,0.954,0.961,
12127,Volusia,FL,0.932,0.928,0.941,0.933,0.921,0.889,
12129,Wakulla,FL,0.955,0.947,0.94,0.901,0.95,0.865,
12131,Walton,FL,0.922,0.927,0.917,0.946,0.908,0.904,
12133,Washington,FL,0.964,0.945,0.968,0.967,0.951,0.921,
15001,Hawaii,HI,,,0.9327,,0.8853,0.8066,
15003,Honolulu,HI,,,0.9793,,0.9399,0.8619,
15007,Kauai,HI,,,0.929,,0.8796,0.8163,
15009,Maui,HI,,,0.9423,,0.8826,0.7548,
19001,Adair,IA,,0.92592593,,0.96226415,0.89473684,0.94827586,0.8245614
19003,Adams,IA,,1,,0.86206897,0.95833333,0.96875,1
19005,Allamakee,IA,,0.82587065,,0.85074627,0.87362637,0.91818182,0.8952381
19007,Appanoose,IA,,0.82142857,,0.69343066,0.84496124,0.83916084,0.81300813
19009,Audubon,IA,,1,,0.92857143,0.97560976,0.96527778,0.94
19011,Benton,IA,,0.92653061,,0.89473684,0.89761092,0.89694656,0.88501742
19013,Black Hawk,IA,,0.936,,0.95353675,0.89718402,0.91213389,0.90243902
19015,Boone,IA,,0.97647059,,0.98513011,0.96527778,0.96753247,0.95016611
19017,Bremer,IA,,0.97461929,,0.96610169,0.92388451,0.9175,0.74663073
19019,Buchanan,IA,,0.81914894,,0.87267081,0.86378738,0.84285714,0.84013605
19021,Buena Vista,IA,,0.8707124,,0.95702006,0.92966361,0.94516971,0.89583333
19023,Butler,IA,,0.97409326,,0.99487179,0.921875,0.88815789,0.94202899
19025,Calhoun,IA,,0.92307692,,0.95238095,0.95505618,0.89473684,0.90384615
19027,Carroll,IA,,0.96014493,,0.95818815,0.95918367,0.9154519,0.92026578
19029,Cass,IA,,0.95906433,,0.90374332,0.94907407,0.85945946,0.81521739
19031,Cedar,IA,,0.95024876,,0.97083333,0.91810345,0.9254386,0.94835681
19033,Cerro Gordo,IA,,0.93607306,,0.96069869,0.92584746,0.90990991,0.85462555
19035,Cherokee,IA,,0.93529412,,0.93125,0.92567568,0.91156463,0.91946309
19037,Chickasaw,IA,,0.91764706,,0.89506173,0.91515152,0.95945946,0.88888889
19039,Clarke,IA,,0.96694215,,0.91071429,0.86138614,0.91472868,0.90909091
19041,Clay,IA,,0.97560976,,0.93589744,0.92417062,0.9212963,0.92626728
19043,Clayton,IA,,0.91156463,,0.92063492,0.84210526,0.85655738,0.8722467
19045,Clinton,IA,,0.92895204,,0.87813022,0.82971014,0.82837128,0.85551948
19047,Crawford,IA,,0.94092827,,0.9625,0.9218107,0.96969697,0.95780591
19049,Dallas,IA,,0.96030246,,0.96451613,0.93606456,0.94051346,0.9280303
19051,Davis,IA,,0.98850575,,0.98837209,0.86746988,0.92857143,0.94520548
19053,Decatur,IA,,0.85333333,,0.875,0.82894737,0.9,0.75862069
19055,Delaware,IA,,0.96666667,,0.97560976,0.95801527,0.71176471,0.94713656
19057,Des Moines,IA,,0.95719844,,0.95196507,0.93004115,0.94358974,0.8895966
19059,Dickinson,IA,,0.960199,,0.94396552,0.92116183,0.85221675,0.88738739
19061,Dubuque,IA,,0.91370558,,0.90956072,0.900982,0.87742504,0.8920033
19063,Emmet,IA,,0.9375,,0.90588235,0.86021505,0.86746988,0.89655172
19065,Fayette,IA,,0.9186747,,0.88185654,0.8547486,0.78488372,0.86592179
19067,Floyd,IA,,0.89,,0.84693878,0.87892377,0.81773399,0.91907514
19069,Franklin,IA,,0.93589744,,0.94339623,0.88288288,0.89166667,0.925
19071,Fremont,IA,,0.95121951,,0.91358025,0.9,0.890625,0.80263158
19073,Greene,IA,,0.95934959,,0.90721649,0.82242991,0.88888889,0.83636364
19075,Grundy,IA,,0.9569378,,0.96153846,0.96111111,0.94705882,0.97191011
19077,Guthrie,IA,,0.9379845,,0.91875,0.8757764,0.9057971,0.86585366
19079,Hamilton,IA,,0.94535519,,0.93203883,0.94859813,0.94063927,0.7173913
19081,Hancock,IA,,0.98130841,,0.98113208,0.94174757,0.93382353,0.91428571
19083,Hardin,IA,,0.84259259,,0.91015625,0.90366972,0.87068966,0.85281385
19085,Harrison,IA,,0.93150685,,0.85620915,0.88953488,0.88554217,0.91891892
19087,Henry,IA,,0.94974874,,0.97767857,0.90610329,0.87428571,0.89944134
19089,Howard,IA,,0.94871795,,0.95744681,0.93277311,0.96774194,0.90322581
19091,Humboldt,IA,,0.78030303,,0.85714286,0.9,0.74452555,0.74615385
19093,Ida,IA,,0.94594595,,1,0.87368421,0.87804878,0.94202899
19095,Iowa,IA,,0.95813953,,0.8877551,0.945,0.86818182,0.945
19097,Jackson,IA,,0.93133047,,0.89201878,0.83628319,0.80769231,0.78139535
19099,Jasper,IA,,0.94206009,,0.90950226,0.92045455,0.94362745,0.88684211
19101,Jefferson,IA,,0.88095238,,0.84415584,0.86127168,0.80254777,0.80473373
19103,Johnson,IA,,0.89821098,,0.93066158,0.9002642,0.88478676,0.85397039
19105,Jones,IA,,0.95566502,,0.91891892,0.90686275,0.94230769,0.91005291
19107,Keokuk,IA,,0.94520548,,0.87804878,0.91358025,0.85333333,0.79545455
19109,Kossuth,IA,,0.89759036,,0.93959732,0.83832335,0.92073171,0.91620112
19111,Lee,IA,,0.96487119,,0.97037037,0.94117647,0.92487047,0.93188011
19113,Linn,IA,,0.90488189,,0.93298969,0.89933357,0.89857589,0.87967537
19115,Louisa,IA,,0.94193548,,0.89873418,0.95454545,0.85714286,0.85820896
19117,Lucas,IA,,0.85227273,,0.86734694,0.82,0.8411215,0.89108911
19119,Lyon,IA,,0.94444444,,0.94444444,0.93877551,0.95266272,0.89595376
19121,Madison,IA,,0.96347032,,0.97706422,0.93273543,0.89473684,0.89795918
19123,Mahaska,IA,,0.95348837,,0.90946502,0.91139241,0.91441441,0.89237668
19125,Marion,IA,,0.91304348,,0.91346154,0.89336493,0.8969555,0.86445013
19127,Marshall,IA,,0.92895204,,0.91926606,0.89341085,0.86956522,0.88434164
19129,Mills,IA,,0.95522388,,0.95,0.90425532,0.95604396,0.95212766
19131,Mitchell,IA,,0.90434783,,0.97222222,0.95833333,0.95918367,0.89430894
19133,Monona,IA,,0.95049505,,0.94845361,0.89108911,0.975,0.88235294
19135,Monroe,IA,,0.89333333,,0.95238095,0.82716049,0.95061728,0.9125
19137,Montgomery,IA,,0.94827586,,0.98412698,0.92622951,0.99180328,0.93333333
19139,Muscatine,IA,,0.94827586,,0.91823899,0.88068182,0.88376754,0.91699605
19141,O'Brien,IA,,0.98717949,,0.90769231,0.935,0.86294416,0.87439614
19143,Osceola,IA,,1,,1,0.925,1,0.93877551
19145,Page,IA,,0.90865385,,0.96174863,0.92473118,0.93150685,0.925
19147,Palo Alto,IA,,0.94666667,,0.88349515,0.90909091,0.85555556,0.93103448
19149,Plymouth,IA,,0.95575221,,0.95011338,0.9481268,0.94428152,0.94936709
19151,Pocahontas,IA,,0.703125,,0.90277778,0.84,0.91891892,0.91044776
19153,Polk,IA,,0.95225019,,0.95421687,0.9104614,0.90405676,0.88844937
19155,Pottawattamie,IA,,0.91993328,,0.91689008,0.91222313,0.90237691,0.8989899
19157,Poweshiek,IA,,0.94652406,,0.95027624,0.89714286,0.83625731,0.93010753
19159,Ringgold,IA,,0.98360656,,0.98076923,0.96774194,0.91071429,0.92857143
19161,Sac,IA,,0.9787234,,0.90291262,0.91489362,0.94495413,0.91346154
19163,Scott,IA,,0.93910396,,0.93847567,0.90820313,0.89869888,0.89341847
19165,Shelby,IA,,0.9673913,,0.97333333,0.92413793,0.8961039,0.88590604
19167,Sioux,IA,,0.87017544,,0.89134126,0.84990958,0.86641221,0.86988848
19169,Story,IA,,0.94260486,,0.94769614,0.92264574,0.91247002,0.93880049
19171,Tama,IA,,0.95454545,,0.98104265,0.95767196,0.96685083,0.92899408
19173,Taylor,IA,,0.91489362,,0.95180723,0.97701149,0.825,0.88311688
19175,Union,IA,,0.94788274,,0.94852941,0.97826087,0.96428571,0.95555556
19177,Van Buren,IA,,0.98507463,,0.8490566,0.88709677,0.7962963,0.88333333
19179,Wapello,IA,,0.93932584,,0.88920455,0.90466102,0.84582441,0.88842975
19181,Warren,IA,,0.95339547,,0.94632768,0.93848168,0.91232877,0.9004329
19183,Washington,IA,,0.88421053,,0.89033943,0.87818697,0.89456869,0.82840237
19185,Wayne,IA,,0.91463415,,0.94736842,0.88888889,0.84615385,0.8313253
19187,Webster,IA,,0.89204545,,0.90080972,0.80371901,0.86577181,0.90128755
19189,Winnebago,IA,,0.96116505,,0.92307692,0.95833333,0.8372093,0.91503268
19191,Winneshiek,IA,,0.95054945,,0.93939394,0.93513514,0.92857143,0.91625616
19193,Woodbury,IA,,0.94014795,,0.93245125,0.8815427,0.89020153,0.88529205
19195,Worth,IA,,0.96052632,,1,0.90540541,0.93243243,0.98571429
19197,Wright,IA,,0.87058824,,0.88888889,0.88669951,0.90821256,0.9025641
20001,Allen,KS,,,0.99,0.97,0.9,0.98,0.93
20003,Anderson,KS,,,0.94,0.93,0.93,0.85,0.82
20005,Atchison,KS,,,0.84,0.92,0.88,0.9,0.87
20007,Barber,KS,,,0.97,0.67,0.92,0.76,0.81
20009,Barton,KS,,,0.97,0.91,0.94,0.91,0.9
20011,Bourbon,KS,,,0.97,0.94,0.98,0.94,0.82
20013,Brown,KS,,,0.98,1,0.96,0.98,0.97
20015,Butler,KS,,,0.93,0.92,0.88,0.9,0.88
20017,Chase,KS,,,0.9,0.79,0.84,0.83,0.74
20019,Chautauqua,KS,,,0.75,0.71,0.69,0.76,0.73
20021,Cherokee,KS,,,0.97,0.92,0.96,0.91,0.94
20023,Cheyenne,KS,,,0.93,1,0.74,0.85,0.93
20025,Clark,KS,,,0.97,0.92,0.93,0.88,0.87
20027,Clay,KS,,,0.95,0.99,0.99,0.89,0.88
20029,Cloud,KS,,,0.97,1,0.96,0.88,0.97
20031,Coffey,KS,,,0.87,0.73,0.8,0.9,0.88
20033,Comanche,KS,,,1,1,0.92,,1
20035,Cowley,KS,,,0.96,0.86,0.92,0.95,0.94
20037,Crawford,KS,,,0.96,0.96,0.95,0.96,0.93
20039,Decatur,KS,,,0.99,0.8,0.71,0.32,0.74
20041,Dickinson,KS,,,0.98,0.89,0.84,0.87,0.87
20043,Doniphan,KS,,,0.98,0.93,0.85,0.89,0.8
20045,Douglas,KS,,,0.95,0.98,0.95,0.94,0.93
20047,Edwards,KS,,,0.97,0.92,1,0.96,0.92
20049,Elk,KS,,,0.95,0.94,0.76,0.93,0.86
20051,Ellis,KS,,,0.97,0.95,0.94,0.98,0.93
20053,Ellsworth,KS,,,0.99,0.99,0.93,0.95,0.89
20055,Finney,KS,,,0.99,0.95,0.96,0.98,0.98
20057,Ford,KS,,,0.91,0.89,0.92,0.85,0.87
20059,Franklin,KS,,,0.96,0.92,0.86,0.94,0.93
20061,Geary,KS,,,0.94,0.86,0.84,0.82,0.77
20063,Gove,KS,,,0.87,0.89,0.7,0.77,0.72
20065,Graham,KS,,,0.99,0.96,0.94,0.99,1
20067,Grant,KS,,,1,0.99,1,1,0.99
20069,Gray,KS,,,0.94,0.91,0.87,0.76,0.66
20071,Greeley,KS,,,0.95,0.86,0.92,0.93,0.84
20073,Greenwood,KS,,,0.88,0.9,0.7,0.85,0.86
20075,Hamilton,KS,,,0.93,0.97,0.97,0.97,0.96
20077,Harper,KS,,,0.96,0.88,0.88,0.87,0.7
20079,Harvey,KS,,,0.95,0.95,0.94,0.96,0.94
20081,Haskell,KS,,,0.83,0.87,0.87,0.72,0.58
20083,Hodgeman,KS,,,0.99,1,0.92,0.9,0.8
20085,Jackson,KS,,,0.97,0.88,0.83,0.89,0.94
20087,Jefferson,KS,,,0.95,0.93,0.93,0.9,0.91
20089,Jewell,KS,,,0.97,1,0.85,0.99,0.96
20091,Johnson,KS,,,0.96,0.93,0.95,0.94,0.95
20093,Kearny,KS,,,1,0.95,1,1,0.98
20095,Kingman,KS,,,0.89,0.77,0.77,0.72,0.73
20097,Kiowa,KS,,,0.89,0.64,0.84,0.92,
20099,Labette,KS,,,0.97,0.93,0.93,0.92,0.95
20101,Lane,KS,,,1,0.92,0.95,1,1
20103,Leavenworth,KS,,,0.97,0.94,0.93,0.94,0.92
20105,Lincoln,KS,,,0.89,0.94,0.96,0.91,0.81
20107,Linn,KS,,,0.79,0.84,0.84,0.93,0.86
20109,Logan,KS,,,0.92,1,0.81,0.89,0.84
20111,Lyon,KS,,,0.92,0.87,0.89,0.92,0.9
20113,McPherson,KS,,,0.96,0.92,0.93,0.92,0.93
20115,Marion,KS,,,0.85,0.84,0.87,0.78,0.81
20117,Marshall,KS,,,0.96,0.97,0.97,0.92,0.93
20119,Meade,KS,,,0.96,0.8,0.88,0.61,0.74
20121,Miami,KS,,,0.94,0.93,0.87,0.89,0.89
20123,Mitchell,KS,,,0.95,1,1,0.97,0.75
20125,Montgomery,KS,,,0.95,0.97,0.94,0.91,0.93
20127,Morris,KS,,,0.95,0.94,0.86,0.93,0.89
20129,Morton,KS,,,0.95,0.95,0.91,0.86,0.82
20131,Nemaha,KS,,,0.97,0.95,0.83,0.9,0.95
20133,Neosho,KS,,,0.84,0.95,0.99,0.93,0.91
20135,Ness,KS,,,0.95,0.82,0.76,0.95,0.89
20137,Norton,KS,,,0.91,0.92,0.93,0.93,0.99
20139,Osage,KS,,,0.81,0.78,0.81,0.8,0.78
20141,Osborne,KS,,,0.93,0.93,0.97,0.96,
20143,Ottawa,KS,,,0.91,0.97,0.94,0.94,0.92
20145,Pawnee,KS,,,0.79,0.94,0.85,0.84,0.93
20147,Phillips,KS,,,0.95,0.96,0.88,0.93,0.92
20149,Pottawatomie,KS,,,0.97,0.91,0.93,0.89,0.91
20151,Pratt,KS,,,0.99,0.91,0.78,0.91,0.9
20153,Rawlins,KS,,,0.9,0.81,0.69,0.56,0.57
20155,Reno,KS,,,0.95,0.93,0.94,0.93,0.89
20157,Republic,KS,,,0.81,0.9,0.87,0.94,0.95
20159,Rice,KS,,,0.92,0.94,0.92,0.93,0.93
20161,Riley,KS,,,0.97,0.93,0.91,0.9,0.86
20163,Rooks,KS,,,0.97,0.94,1,0.95,0.97
20165,Rush,KS,,,0.9,1,0.95,0.75,0.95
20167,Russell,KS,,,0.78,0.94,0.93,0.92,0.89
20169,Saline,KS,,,0.98,0.95,0.89,0.91,0.95
20171,Scott,KS,,,0.97,0.97,0.97,1,1
20173,Sedgwick,KS,,,0.93,0.95,0.92,0.94,0.91
20175,Seward,KS,,,0.97,0.89,0.92,0.95,0.94
20177,Shawnee,KS,,,0.97,0.9,0.86,0.88,0.93
20179,Sheridan,KS,,,0.92,0.85,0.65,0.79,0.96
20181,Sherman,KS,,,0.96,0.99,1,1,0.97
20183,Smith,KS,,,0.97,1,1,0.92,0.81
20185,Stafford,KS,,,0.92,0.89,0.92,0.72,0.81
20187,Stanton,KS,,,0.73,,,,0.52
20189,Stevens,KS,,,0.91,0.68,0.9,0.98,0.83
20191,Sumner,KS,,,0.91,0.91,0.92,0.93,0.95
20193,Thomas,KS,,,0.99,0.95,0.98,0.97,0.89
20195,Trego,KS,,,0.92,0.97,0.95,0.96,0.95
20197,Wabaunsee,KS,,,0.93,0.81,0.93,0.7,0.83
20199,Wallace,KS,,,0.91,,,0.88,
20201,Washington,KS,,,0.97,0.94,0.94,0.87,0.97
20203,Wichita,KS,,,1,1,1,0.96,1
20205,Wilson,KS,,,0.96,0.96,0.96,0.83,0.93
20207,Woodson,KS,,,0.9,0.95,0.78,0.95,0.92
20209,Wyandotte,KS,,,0.92,0.89,0.9,0.86,0.75
21001,Adair,KY,1,0.979,0.947,0.92,0.783,0.913,
21003,Allen,KY,0.99,0.943,0.995,0.96,0.826,0.951,
21005,Anderson,KY,0.929,0.976,0.963,0.919,0.849,0.958,
21007,Ballard,KY,1,1,1,1,0.965,0.974,
21009,Barren,KY,0.973,0.954,0.937,0.88,0.936,0.9,
21011,Bath,KY,0.808,0.806,0.944,0.832,0.876,0.926,
21013,Bell,KY,0.872,0.901,0.965,0.965,0.954,0.857,
21015,Boone,KY,0.962,0.966,0.964,0.96,0.946,0.955,
21017,Bourbon,KY,0.974,0.98,0.956,0.955,0.901,0.849,
21019,Boyd,KY,0.943,0.924,0.929,0.904,0.911,0.89,
21021,Boyle,KY,0.968,0.978,0.963,0.923,0.902,0.927,
21023,Bracken,KY,0.918,0.955,0.943,0.955,0.946,0.878,
21025,Breathitt,KY,0.915,0.936,0.953,0.836,0.916,0.896,
21027,Breckinridge,KY,0.947,0.894,0.912,0.971,0.934,0.947,
21029,Bullitt,KY,0.941,0.97,0.982,0.94,0.934,0.947,
21031,Butler,KY,0.915,0.943,0.904,0.937,0.899,0.922,
21033,Caldwell,KY,0.964,1,0.918,0.934,0.805,0.958,
21035,Calloway,KY,0.974,0.963,0.955,0.965,0.968,0.969,
21037,Campbell,KY,0.977,0.979,0.976,0.91,0.934,0.952,
21039,Carlisle,KY,0.966,0.866,0.885,0.926,0.917,0.857,
21041,Carroll,KY,0.807,0.94,0.958,0.896,0.898,0.943,
21043,Carter,KY,0.974,0.947,0.943,0.928,0.927,0.941,
21045,Casey,KY,0.919,0.975,0.907,0.865,0.832,0.864,
21047,Christian,KY,0.914,0.943,0.924,0.884,0.879,0.924,
21049,Clark,KY,0.951,0.938,0.953,0.954,0.948,0.976,
21051,Clay,KY,0.899,0.94,0.944,0.789,0.806,0.833,
21053,Clinton,KY,0.912,0.96,0.96,0.683,0.707,0.797,
21055,Crittenden,KY,0.792,0.901,0.961,0.988,0.862,0.972,
21057,Cumberland,KY,0.905,0.84,0.947,0.886,0.802,0.885,
21059,Daviess,KY,0.759,0.917,0.91,0.868,0.923,0.922,
21061,Edmonson,KY,,0.979,0.981,0.943,0.976,0.944,
21063,Elliott,KY,0.987,0.946,0.963,0.836,0.813,0.867,
21065,Estill,KY,0.861,0.939,0.902,0.964,0.931,0.952,
21067,Fayette,KY,0.966,0.956,0.967,0.942,0.914,0.932,
21069,Fleming,KY,0.981,0.988,0.978,0.929,0.953,0.973,
21071,Floyd,KY,0.971,0.955,0.958,0.867,0.953,0.946,
21073,Franklin,KY,0.968,0.961,0.951,0.899,0.895,0.951,
21075,Fulton,KY,1,1,0.972,0.972,1,0.953,
21077,Gallatin,KY,0.963,1,0.883,0.911,0.976,0.932,
21079,Garrard,KY,0.7,0.823,0.895,0.842,0.646,0.678,
21081,Grant,KY,0.979,0.979,0.96,0.952,0.952,0.962,
21083,Graves,KY,0.962,0.935,0.952,0.909,0.918,0.94,
21085,Grayson,KY,0.972,0.962,0.979,0.959,0.974,0.983,
21087,Green,KY,0.952,0.993,0.983,0.947,0.958,0.977,
21089,Greenup,KY,0.959,0.975,0.972,0.848,0.857,0.926,
21091,Hancock,KY,0.99,0.944,0.952,0.957,0.882,0.953,
21093,Hardin,KY,0.84,0.868,0.903,0.876,0.871,0.891,
21095,Harlan,KY,0.84,0.792,0.729,0.489,0.54,0.696,
21097,Harrison,KY,0.962,0.984,0.898,0.962,0.923,0.973,
21099,Hart,KY,0.934,0.961,0.96,0.934,0.908,0.914,
21101,Henderson,KY,0.924,0.937,0.947,0.91,0.9,0.941,
21103,Henry,KY,0.988,0.947,0.96,0.979,0.945,0.935,
21105,Hickman,KY,0.978,1,0.98,1,0.953,0.982,
21107,Hopkins,KY,0.641,0.952,0.947,0.92,0.933,0.929,
21109,Jackson,KY,0.965,0.997,0.985,0.944,1,0.985,
21111,Jefferson,KY,0.903,0.907,0.87,0.781,0.774,0.828,
21113,Jessamine,KY,0.95,0.939,0.919,0.914,0.892,0.928,
21115,Johnson,KY,0.953,0.928,0.921,0.899,0.933,0.943,
21117,Kenton,KY,0.966,0.929,0.974,0.972,0.959,0.97,
21119,Knott,KY,0.853,0.915,0.894,0.717,0.674,0.687,
21121,Knox,KY,0.861,0.767,0.91,0.544,0.836,0.804,
21123,Larue,KY,0.975,0.949,0.936,0.743,0.871,0.859,
21125,Laurel,KY,0.922,0.954,0.905,0.924,0.926,0.932,
21127,Lawrence,KY,0.831,0.549,0.968,0.848,0.813,0.932,
21129,Lee,KY,0.921,0.973,0.952,0.919,0.912,0.897,
21131,Leslie,KY,0.961,0.952,0.93,0.893,0.871,0.857,
21133,Letcher,KY,0.957,0.972,0.971,0.912,0.902,0.893,
21135,Lewis,KY,0.936,0.971,0.969,0.933,0.933,0.969,
21137,Lincoln,KY,0.954,0.837,0.928,0.929,0.876,0.923,
21139,Livingston,KY,0.971,0.867,0.936,0.841,0.784,0.899,
21141,Logan,KY,0.827,0.951,0.932,0.818,0.783,0.748,
21143,Lyon,KY,0.979,0.973,1,0.983,0.909,0.958,
21145,Mccracken,KY,0.93,0.899,0.876,0.877,0.864,0.862,
21147,McCreary,KY,0.907,0.919,0.924,0.814,0.894,0.919,
21149,Mclean,KY,0.973,0.98,0.992,1,0.972,0.974,
21151,Madison,KY,0.938,0.971,0.977,0.921,0.919,0.941,
21153,Magoffin,KY,0.778,0.856,0.929,0.856,0.707,0.834,
21155,Marion,KY,0.973,0.838,0.961,0.805,0.896,0.971,
21157,Marshall,KY,0.902,0.943,0.913,0.919,0.918,0.869,
21159,Martin,KY,0.902,0.968,0.916,0.798,0.884,0.854,
21161,Mason,KY,0.904,0.899,0.866,0.752,0.835,0.789,
21163,Meade,KY,0.99,0.972,0.985,0.759,0.907,0.978,
21165,Menifee,KY,0.984,0.976,0.986,0.949,0.973,0.986,
21167,Mercer,KY,0.973,0.969,0.97,0.965,0.953,0.935,
21169,Metcalfe,KY,0.781,0.939,0.964,0.84,0.879,0.946,
21171,Monroe,KY,0.956,0.973,0.948,0.906,0.893,0.921,
21173,Montgomery,KY,0.95,0.979,0.985,0.942,0.955,0.965,
21175,Morgan,KY,0.965,0.993,0.955,0.934,0.982,0.939,
21177,Muhlenberg,KY,0.868,0.908,0.936,0.89,0.68,0.915,
21179,Nelson,KY,0.877,0.924,0.953,0.948,0.945,0.91,
21181,Nicholas,KY,,0.979,0.979,0.964,0.931,0.98,
21183,Ohio,KY,0.839,0.846,0.796,0.656,0.913,0.706,
21185,Oldham,KY,0.976,0.978,0.966,0.983,0.985,0.978,
21187,Owen,KY,0.992,0.969,0.978,0.951,0.961,0.993,
21189,Owsley,KY,0.977,0.897,0.657,,0.161,0.981,
21191,Pendleton,KY,0.972,0.982,0.981,0.945,0.973,0.971,
21193,Perry,KY,0.858,0.907,0.799,0.728,0.624,0.743,
21195,Pike,KY,0.963,0.982,0.992,0.841,0.971,0.981,
21197,Powell,KY,0.891,0.913,0.652,0.925,0.906,0.981,
21199,Pulaski,KY,0.971,0.98,0.977,0.857,0.96,0.968,
21201,Robertson,KY,1,0.966,1,0.846,0.879,0.917,
21203,Rockcastle,KY,0.943,0.647,0.925,0.879,0.863,0.9,
21205,Rowan,KY,0.91,0.502,0.88,0.913,0.878,0.831,
21207,Russell,KY,0.979,0.974,0.978,0.97,0.98,0.992,
21209,Scott,KY,0.894,0.94,0.966,0.925,0.912,0.926,
21211,Shelby,KY,0.962,0.961,0.935,0.929,0.897,0.919,
21213,Simpson,KY,0.968,0.987,0.96,0.958,0.903,0.954,
21215,Spencer,KY,0.994,0.986,0.971,0.979,0.987,0.961,
21217,Taylor,KY,0.963,0.95,0.933,0.953,0.854,0.862,
21219,Todd,KY,0.927,0.969,0.938,0.921,0.908,0.944,
21221,Trigg,KY,0.916,0.971,0.972,0.932,0.94,0.864,
21223,Trimble,KY,0.941,0.975,0.989,0.915,0.88,0.935,
21225,Union,KY,0.928,0.957,0.942,0.831,0.914,0.944,
21227,Warren,KY,0.893,0.922,0.925,0.912,0.908,0.901,
21229,Washington,KY,0.89,0.955,0.994,0.952,0.979,0.981,
21231,Wayne,KY,0.983,0.996,0.982,0.98,0.964,0.978,
21233,Webster,KY,0.845,0.897,0.947,0.95,0.928,0.972,
21235,Whitley,KY,0.967,0.905,0.909,0.738,0.541,0.493,
21237,Wolfe,KY,0.819,0.713,0.868,0.859,0.9,0.941,
21239,Woodford,KY,0.972,0.981,0.968,0.933,0.945,0.935,
22001,Acadia,LA,,,,0.932,0.902,,
22003,Allen,LA,,,,0.955,0.934,,
22005,Ascension,LA,,,,0.984,0.975,,
22007,Assumption,LA,,,,0.996,0.984,,
22009,Avoyelles,LA,,,,0.976,0.972,,
22011,Beauregard,LA,,,,0.962,0.926,,
22013,Bienville,LA,,,,0.974,0.958,,
22015,Bossier,LA,,,,0.978,0.944,,
22017,Caddo,LA,,,,0.945,0.934,,
22019,Calcasieu,LA,,,,0.96,0.912,,
22021,Caldwell,LA,,,,0.992,0.929,,
22023,Cameron,LA,,,,0.879,0.855,,
22025,Catahoula,LA,,,,0.929,0.954,,
22027,Claiborne,LA,,,,0.983,0.977,,
22029,Concordia,LA,,,,0.815,0.82,,
22031,De Soto,LA,,,,0.957,0.915,,
22033,East Baton Rouge,LA,,,,0.899,0.878,,
22035,East Carroll,LA,,,,0.956,0.906,,
22037,East Feliciana,LA,,,,0.941,0.944,,
22039,Evangeline,LA,,,,0.965,0.923,,
22041,Franklin,LA,,,,0.973,0.914,,
22043,Grant,LA,,,,0.949,0.977,,
22045,Iberia,LA,,,,0.97,0.949,,
22047,Iberville,LA,,,,0.983,0.97,,
22049,Jackson,LA,,,,0.956,0.902,,
22051,Jefferson,LA,,,,0.931,0.921,,
22053,Jefferson Davis,LA,,,,0.967,0.932,,
22055,Lafayette,LA,,,,0.941,0.908,,
22057,Lafourche,LA,,,,0.961,0.933,,
22059,LaSalle,LA,,,,0.988,0.948,,
22061,Lincoln,LA,,,,0.973,0.978,,
22063,Livingston,LA,,,,0.964,0.933,,
22065,Madison,LA,,,,0.892,0.76,,
22067,Morehouse,LA,,,,0.947,0.908,,
22069,Natchitoches,LA,,,,0.948,0.919,,
22071,Orleans,LA,,,,0.911,0.873,,
22073,Ouachita,LA,,,,0.887,0.825,,
22075,Plaquemines,LA,,,,0.962,0.976,,
22077,Pointe Coupee,LA,,,,0.976,0.917,,
22079,Rapides,LA,,,,0.968,0.929,,
22081,Red River,LA,,,,1,1,,
22083,Richland,LA,,,,0.911,0.861,,
22085,Sabine,LA,,,,0.918,0.937,,
22087,St Bernard,LA,,,,0.962,0.928,,
22089,St Charles,LA,,,,0.969,0.95,,
22091,St Helena,LA,,,,0.95,0.9,,
22093,St James,LA,,,,0.983,0.969,,
22095,St John the Baptist,LA,,,,0.964,0.982,,
22097,St Landry,LA,,,,0.964,0.896,,
22099,St Martin,LA,,,,0.958,0.938,,
22101,St Mary,LA,,,,0.957,0.925,,
22103,St Tammany,LA,,,,0.951,0.91,,
22105,Tangipahoa,LA,,,,0.967,0.956,,
22107,Tensas,LA,,,,0.913,0.667,,
22109,Terrebonne,LA,,,,0.967,0.911,,
22111,Union,LA,,,,0.921,0.864,,
22113,Vermilion,LA,,,,0.964,0.962,,
22115,Vernon,LA,,,,0.953,0.922,,
22117,Washington,LA,,,,0.95,0.967,,
22119,Webster,LA,,,,0.964,0.909,,
22121,West Baton Rouge,LA,,,,0.969,0.933,,
22123,West Carroll,LA,,,,0.973,0.824,,
22125,West Feliciana,LA,,,,0.969,0.955,,
22127,Winn,LA,,,,0.985,0.966,,
23001,Androscoggin,ME,0.9526,0.9397,0.9532,0.9261,0.9533,0.9667,0.9813
23003,Aroostook,ME,0.9371,0.9644,0.963,0.9491,0.9807,0.9735,0.9859
23005,Cumberland,ME,0.9443,0.9359,0.9338,0.9369,0.9519,0.9522,0.9582
23007,Franklin,ME,0.9535,0.9481,0.8904,0.9671,0.963,0.971,0.9626
23009,Hancock,ME,0.9241,0.9154,0.9162,0.9437,0.9642,0.9685,0.978
23011,Kennebec,ME,0.9413,0.9408,0.9315,0.9451,0.9686,0.9836,0.9753
23013,Knox,ME,0.9117,0.9059,0.9339,0.9488,0.9791,0.9571,0.9458
23015,Lincoln,ME,0.9206,0.8945,0.9463,0.9132,0.9759,0.9925,0.9742
23017,Oxford,ME,0.9438,0.9255,0.9143,0.9688,0.9676,0.9632,0.9841
23019,Penobscot,ME,0.9579,0.948,0.9536,0.9803,0.9834,0.9789,0.9858
23021,Piscataquis,ME,0.951,0.9419,0.9162,0.963,0.9417,0.9655,0.9317
23023,Sagadahoc,ME,0.9166,0.9323,0.9524,0.9527,0.9715,0.9805,0.9866
23025,Somerset,ME,0.9132,0.9395,0.9156,0.951,0.9481,0.9708,0.9857
23027,Waldo,ME,0.9348,0.939,0.9333,0.9722,0.9828,0.9701,0.9607
23029,Washington,ME,0.9612,0.9624,0.9617,0.9883,0.9747,0.9703,0.9535
23031,York,ME,0.9535,0.9403,0.956,0.9728,0.9813,0.9751,0.9883
24001,Allegany,MD,1,0.9925,1,1,0.998,0.9981,0.993
24003,Anne Arundel,MD,0.993,0.9907,0.9907,0.9572,0.9856,0.99,0.9934
24005,Baltimore,MD,0.993,0.9938,0.9937,0.9467,0.9894,0.9911,0.9901
24009,Calvert,MD,0.998,1,1,0.993,0.9943,0.9991,0.9991
24011,Caroline,MD,0.995,0.9962,1,1,1,1,0.9947
24013,Carroll,MD,0.997,0.9927,0.9989,0.9854,0.9979,0.9972,0.9892
24015,Cecil,MD,0.996,0.9926,0.993,0.9731,0.995,0.9903,0.996
24017,Charles,MD,0.997,0.9964,0.9967,1,0.9976,0.9944,0.9951
24019,Dorchester,MD,0.98,0.9813,1,0.9932,0.9957,1,1
24021,Frederick,MD,0.993,0.9957,1,0.9851,0.9955,0.9941,0.9931
24023,Garrett,MD,0.994,1,1,1,1,1,0.9882
24025,Harford,MD,0.994,0.996,0.9957,0.9873,0.9876,0.9966,0.9965
24027,Howard,MD,0.994,0.9731,0.9958,0.9471,0.9926,0.9914,0.9926
24029,Kent,MD,0.971,1,0.9961,0.9379,1,0.9565,0.953
24031,Montgomery,MD,0.992,0.9908,0.9934,0.6319,0.9805,0.9889,0.9859
24033,Prince Georges,MD,0.941,0.9628,0.9675,0.8897,0.9404,0.9791,0.9907
24035,Queen Annes,MD,1,1,1,0.9865,0.9924,0.9911,0.9953
24037,St Marys,MD,0.994,0.9977,0.9976,0.9907,0.9982,0.9959,0.9868
24039,Somerset,MD,1,1,1,,1,1,1
24041,Talbot,MD,1,1,1,0.9962,0.9971,0.9969,1
24043,Washington,MD,0.993,0.9921,0.9873,0.9792,0.9873,0.9912,0.9893
24045,Wicomico,MD,0.986,0.9866,0.9776,0.9753,0.9806,0.9871,0.9914
24047,Worcester,MD,0.992,0.9948,1,0.9904,0.8367,0.9929,0.998
24510,Baltimore City,MD,0.995,0.9546,,0.9634,0.9579,0.9873,0.9888
25001,Barnstable,MA,0.954,0.95,0.961,0.964,0.962,0.951,0.939
25003,Berkshire,MA,0.944,0.934,0.942,0.954,0.925,0.921,0.928
25005,Bristol,MA,0.987,0.978,0.981,0.976,0.982,0.967,0.974
25007,Dukes,MA,0.92,0.931,0.931,0.929,0.962,0.932,0.958
25009,Essex,MA,0.978,0.976,0.972,0.957,0.966,0.969,0.97
25011,Franklin,MA,0.931,0.957,0.905,0.879,0.889,0.899,0.925
25013,Hampden,MA,0.962,0.956,0.968,0.924,0.922,0.944,0.926
25015,Hampshire,MA,0.966,0.977,0.96,0.956,0.972,0.961,0.966
25017,Middlesex,MA,0.982,0.983,0.983,0.976,0.98,0.981,0.978
25019,Nantucket,MA,0.885,0.975,0.932,0.862,0.968,0.926,0.933
25021,Norfolk,MA,0.987,0.984,0.988,0.984,0.987,0.979,0.977
25023,Plymouth,MA,0.969,0.973,0.98,0.976,0.971,0.966,0.957
25025,Suffolk,MA,0.837,0.902,0.939,0.883,0.899,0.938,0.938
25027,Worcester,MA,0.963,0.974,0.974,0.966,0.964,0.963,0.959
26001,Alcona,MI,,0.9792,,,,1,0.8824
26003,Alger,MI,,0.9365,,,,0.9365,0.9459
26005,Allegan,MI,,0.9535,,,,0.9384,0.9235
26007,Alpena,MI,,0.9377,,,,0.9352,0.9079
26009,Antrim,MI,,0.9113,,,,0.8879,0.8166
26011,Arenac,MI,,0.9456,,,,0.8725,0.9086
26013,Baraga,MI,,0.907,,,,0.8804,0.9125
26015,Barry,MI,,0.9354,,,,0.9411,0.9134
26017,Bay,MI,,0.9413,,,,0.9079,0.9173
26019,Benzie,MI,,0.9274,,,,0.8138,0.88
26021,Berrien,MI,,0.9456,,,,0.921,0.9126
26023,Branch,MI,,0.9329,,,,0.8969,0.8852
26025,Calhoun,MI,,0.9515,,,,0.9235,0.9065
26027,Cass,MI,,0.9414,,,,0.9075,0.9115
26029,Charlevoix,MI,,0.9421,,,,0.8991,0.9076
26031,Cheboygan,MI,,0.9045,,,,0.9082,0.9286
26033,Chippewa,MI,,0.9459,,,,0.9027,0.8822
26035,Clare,MI,,0.9169,,,,0.9044,0.8848
26037,Clinton,MI,,0.9244,,,,0.9403,0.9268
26039,Crawford,MI,,0.8689,,,,0.9407,0.8866
26041,Delta,MI,,0.9286,,,,0.9199,0.9171
26043,Dickinson,MI,,0.9343,,,,0.9177,0.883
26045,Eaton,MI,,0.9481,,,,0.9252,0.9085
26047,Emmet,MI,,0.9091,,,,0.899,0.8571
26049,Genesee,MI,,0.9234,,,,0.9056,0.8968
26051,Gladwin,MI,,0.9303,,,,0.9259,0.8987
26053,Gogebic,MI,,0.9643,,,,0.9174,0.9623
26055,Grand Traverse,MI,,0.8925,,,,0.9013,0.866
26057,Gratiot,MI,,0.9673,,,,0.9341,0.9157
26059,Hillsdale,MI,,0.9157,,,,0.8982,0.8966
26061,Houghton,MI,,0.8635,,,,0.838,0.8453
26063,Huron,MI,,0.9369,,,,0.9217,0.8898
26065,Ingham,MI,,0.9301,,,,0.925,0.9131
26067,Ionia,MI,,0.9385,,,,0.8974,0.9028
26069,Iosco,MI,,0.917,,,,0.8851,0.9055
26071,Iron,MI,,0.9175,,,,0.9057,0.934
26073,Isabella,MI,,0.9333,,,,0.916,0.9155
26075,Jackson,MI,,0.9498,,,,0.932,0.9211
26077,Kalamazoo,MI,,0.9368,,,,0.915,0.9187
26079,Kalkaska,MI,,0.9262,,,,0.8675,0.8978
26081,Kent,MI,,0.9546,,,,0.9403,0.9315
26085,Lake,MI,,0.9123,,,,0.8667,
26087,Lapeer,MI,,0.8718,,,,0.8534,0.8346
26089,Leelanau,MI,,0.8721,,,,0.9125,0.92
26091,Lenawee,MI,,0.9259,,,,0.8922,0.896
26093,Livingston,MI,,0.885,,,,0.8882,0.8743
26095,Luce,MI,,0.9677,,,,0.9706,0.94
26097,Mackinac,MI,,0.9398,,,,0.8785,0.878
26099,Macomb,MI,,0.9192,,,,0.8932,0.8707
26101,Manistee,MI,,0.8725,,,,0.8079,0.836
26103,Marquette,MI,,0.9201,,,,0.9193,0.9097
26105,Mason,MI,,0.9147,,,,0.9189,0.8745
26107,Mecosta,MI,,0.9442,,,,0.9289,0.9391
26109,Menominee,MI,,0.8909,,,,0.8772,0.868
26111,Midland,MI,,0.9213,,,,0.9168,0.8947
26113,Missaukee,MI,,0.9101,,,,0.8804,0.8642
26115,Monroe,MI,,0.9255,,,,0.9147,0.9177
26117,Montcalm,MI,,0.9492,,,,0.9183,0.9281
26119,Montmorency,MI,,0.9512,,,,0.9429,0.8364
26121,Muskegon,MI,,0.9537,,,,0.936,0.9253
26123,Newaygo,MI,,0.9383,,,,0.8804,0.8504
26125,Oakland,MI,,0.9124,,,,0.8975,0.8826
26127,Oceana,MI,,0.95,,,,0.9146,0.8877
26129,Ogemaw,MI,,0.905,,,,0.8802,0.9028
26131,Ontonagon,MI,,0.9231,,,,0.8966,0.9
26133,Osceola,MI,,0.9405,,,,0.9114,0.8623
26135,Oscoda,MI,,0.9194,,,,0.8276,0.8364
26137,Otsego,MI,,0.9013,,,,0.8669,0.8905
26139,Ottawa,MI,,0.9563,,,,0.9465,0.9426
26141,Presque Isle,MI,,0.8587,,,,0.9204,0.9211
26143,Roscommon,MI,,0.8939,,,,0.8857,0.8621
26145,Saginaw,MI,,0.951,,,,0.9348,0.9305
26147,St Clair,MI,,0.9067,,,,0.8638,0.8724
26149,St Joseph,MI,,0.9213,,,,0.8907,0.8742
26151,Sanilac,MI,,0.9248,,,,0.9175,0.906
26153,Schoolcraft,MI,,0.9138,,,,0.9146,0.9194
26155,Shiawassee,MI,,0.9204,,,,0.8903,0.9142
26157,Tuscola,MI,,0.9307,,,,0.8935,0.8941
26159,Van Buren,MI,,0.9436,,,,0.9393,0.9122
26161,Washtenaw,MI,,0.9273,,,,0.9201,0.9088
26163,Wayne,MI,,0.9258,,,,0.9039,0.8994
26165,Wexford,MI,,0.8927,,,,0.8522,0.8526
27001,Aitkin,MN,0.816,0.8137,0.842,0.883,0.795,0.81,0.789
27003,Anoka,MN,0.951,0.932,0.929,0.874,0.889,0.878,0.876
27005,Becker,MN,0.93,0.9212,0.92,0.901,0.887,0.869,0.858
27007,Beltrami,MN,0.919,0.9029,0.919,0.869,0.72,0.838,0.855
27009,Benton,MN,0.965,0.9253,0.932,0.928,0.906,0.911,0.915
27011,Big Stone,MN,0.933,0.9853,0.964,0.854,0.931,0.942,0.866
27013,Blue Earth,MN,0.967,0.9595,0.954,0.942,0.929,0.911,0.91
27015,Brown,MN,0.988,0.9645,0.955,0.954,0.934,0.948,0.928
27017,Carlton,MN,0.947,0.9557,0.943,0.931,0.945,0.918,0.92
27019,Carver,MN,0.93,0.9459,0.941,0.907,0.9,0.901,0.902
27021,Cass,MN,0.867,0.9592,0.877,0.877,0.876,0.819,0.841
27023,Chippewa,MN,0.953,0.9449,0.952,0.877,0.904,0.904,0.897
27025,Chisago,MN,0.951,0.9243,0.928,0.931,0.878,0.892,0.889
27027,Clay,MN,0.898,0.9403,0.93,0.921,0.902,0.909,0.863
27029,Clearwater,MN,0.861,0.7724,0.822,0.795,0.705,0.727,0.701
27031,Cook,MN,0.93,0.8765,0.756,0.921,0.857,0.833,0.894
27033,Cottonwood,MN,0.971,0.9426,0.909,0.974,0.962,0.883,0.91
27035,Crow Wing,MN,0.922,0.9063,0.898,0.882,0.877,0.821,0.797
27037,Dakota,MN,0.945,0.9299,0.941,0.917,0.895,0.876,0.884
27039,Dodge,MN,0.984,0.9749,0.928,0.952,0.958,0.923,0.884
27041,Douglas,MN,0.952,0.9369,0.952,0.923,0.911,0.921,0.877
27043,Faribault,MN,0.95,0.9227,0.906,0.946,0.874,0.889,0.914
27045,Fillmore,MN,0.848,0.9095,0.913,0.896,0.849,0.908,0.811
27047,Freeborn,MN,0.91,0.8886,0.977,1,0.916,0.91,0.878
27049,Goodhue,MN,0.97,0.9323,0.938,0.945,0.927,0.9,0.918
27051,Grant,MN,0.965,0.8687,0.981,0.854,0.914,0.875,0.906
27053,Hennepin,MN,0.904,0.914,0.913,0.886,0.883,0.859,0.841
27055,Houston,MN,0.892,0.8869,0.884,0.835,0.842,0.809,0.83
27057,Hubbard,MN,0.93,0.9279,0.886,0.866,0.84,0.822,0.848
27059,Isanti,MN,0.874,0.8802,0.894,0.899,0.851,0.863,0.876
27061,Itasca,MN,0.951,0.9248,0.954,0.924,0.888,0.882,0.869
27063,Jackson,MN,0.95,0.944,0.957,0.939,0.948,0.89,0.896
27065,Kanabec,MN,0.971,0.9667,0.993,0.857,0.912,0.875,0.842
27067,Kandiyohi,MN,0.945,0.9517,0.947,0.895,0.906,0.892,0.89
27069,Kittson,MN,0.962,0.9697,0.877,0.804,0.731,0.72,0.906
27071,Koochiching,MN,0.874,0.9444,0.922,0.924,0.909,0.928,0.907
27073,Lac qui Parle,MN,1,0.8983,0.87,0.891,0.875,0.957,0.855
27075,Lake,MN,0.944,0.9186,0.988,0.976,0.948,0.813,0.819
27077,Lake of the Woods,MN,1,0.9535,0.946,0.962,0.882,0.821,0.786
27079,Le Sueur,MN,0.935,0.9384,0.936,0.92,0.91,0.862,0.903
27081,Lincoln,MN,0.905,0.6667,0.94,1,0.884,0.948,0.899
27083,Lyon,MN,0.948,0.9436,0.972,0.912,0.891,0.889,0.932
27085,McLeod,MN,0.933,0.9448,0.945,0.912,0.933,0.892,0.89
27087,Mahnomen,MN,0.927,0.9435,0.92,0.93,0.825,0.883,0.875
27089,Marshall,MN,0.98,0.9293,0.916,0.936,0.905,0.884,0.882
27091,Martin,MN,0.849,0.8879,0.894,0.876,0.812,0.847,0.816
27093,Meeker,MN,0.917,0.8913,0.933,0.912,0.886,0.849,0.849
27095,Mille Lacs,MN,0.901,0.9024,0.845,0.77,0.601,0.727,0.744
27097,Morrison,MN,0.932,0.9381,0.935,0.903,0.907,0.887,0.903
27099,Mower,MN,0.952,0.9468,0.967,0.936,0.918,0.954,0.951
27101,Murray,MN,0.988,0.9091,0.94,0.95,0.922,0.899,0.969
27103,Nicollet,MN,0.957,0.9472,0.963,0.946,0.947,0.951,0.92
27105,Nobles,MN,0.9,0.8762,0.885,0.96,0.902,0.972,0.895
27107,Norman,MN,0.909,0.9467,0.933,0.969,0.909,0.932,0.9
27109,Olmsted,MN,0.959,0.9617,0.95,0.938,0.93,0.928,0.925
27111,Otter Tail,MN,0.891,0.9193,0.911,0.904,0.904,0.887,0.826
27113,Pennington,MN,0.958,0.9565,0.957,0.963,0.975,0.986,0.932
27115,Pine,MN,0.929,0.9167,0.907,0.914,0.891,0.894,0.842
27117,Pipestone,MN,0.841,0.8854,0.874,0.86,0.923,0.905,0.922
27119,Polk,MN,0.954,0.9548,0.952,0.932,0.877,0.932,0.888
27121,Pope,MN,0.921,0.982,0.971,0.893,0.93,0.938,0.93
27123,Ramsey,MN,0.902,0.9137,0.903,0.847,0.895,0.866,0.872
27125,Red Lake,MN,0.935,0.9853,0.986,0.918,0.945,0.919,0.9
27127,Redwood,MN,0.961,0.9101,0.953,0.951,0.928,0.846,0.881
27129,Renville,MN,0.883,0.9326,0.942,0.917,0.898,0.926,0.911
27131,Rice,MN,0.944,0.953,0.949,0.905,0.935,0.905,0.85
27133,Rock,MN,0.991,0.9911,0.952,0.966,1,0.939,0.92
27135,Roseau,MN,0.944,0.9803,0.902,0.881,0.894,0.94,0.809
27137,St Louis,MN,0.921,0.9198,0.927,0.895,0.877,0.892,0.895
27139,Scott,MN,0.937,0.9291,0.946,0.901,0.886,0.881,0.864
27141,Sherburne,MN,0.942,0.9339,0.937,0.913,0.886,0.877,0.861
27143,Sibley,MN,0.88,0.7607,0.765,0.844,0.912,0.669,0.839
27145,Stearns,MN,0.907,0.9161,0.909,0.896,0.874,0.827,0.801
27147,Steele,MN,0.952,0.9618,0.931,0.921,0.915,0.89,0.922
27149,Stevens,MN,0.968,0.9402,0.883,0.931,0.925,0.928,0.913
27151,Swift,MN,0.922,0.9355,0.941,0.833,0.868,0.92,0.894
27153,Todd,MN,0.954,0.7802,0.946,0.917,0.913,0.947,0.948
27155,Traverse,MN,1,0.9778,0.953,0.98,0.962,0.956,0.951
27157,Wabasha,MN,0.966,0.973,0.965,0.925,0.913,0.915,0.908
27159,Wadena,MN,0.871,0.8595,0.854,0.88,0.856,0.82,0.755
27161,Waseca,MN,0.97,0.9757,0.972,0.944,0.935,0.941,0.934
27163,Washington,MN,0.951,0.9491,0.951,0.912,0.887,0.887,0.925
27165,Watonwan,MN,0.994,0.9533,0.972,0.994,0.96,0.968,0.94
27167,Wilkin,MN,0.826,0.9123,1,0.983,0.72,0.882,0.974
27169,Winona,MN,0.943,0.9541,0.964,0.922,0.936,0.923,0.913
27171,Wright,MN,0.923,0.9376,0.925,0.924,0.88,0.862,0.849
27173,Yellow Medicine,MN,0.96,0.9615,0.929,0.872,0.867,0.9,0.951
29001,Adair,MO,,,0.982,0.989,0.958,0.962,0.956
29003,Andrew,MO,,,0.983,0.961,0.929,0.935,0.962
29005,Atchison,MO,,,0.979,0.929,0.972,0.907,0.963
29007,Audrain,MO,,,0.965,0.978,0.958,0.967,0.863
29009,Barry,MO,,,0.976,0.951,0.964,0.926,0.906
29011,Barton,MO,,,0.969,1,0.975,0.951,0.983
29013,Bates,MO,,,0.983,0.937,0.905,0.929,0.843
29015,Benton,MO,,,0.916,0.904,0.854,0.815,0.843
29017,Bollinger,MO,,,0.975,0.949,0.923,0.912,0.914
29019,Boone,MO,,,0.969,0.953,0.966,0.958,0.939
29021,Buchanan,MO,,,0.98,0.963,0.96,0.947,0.957
29023,Butler,MO,,,0.953,0.923,0.911,0.858,0.872
29025,Caldwell,MO,,,0.901,0.918,0.892,0.876,0.863
29027,Callaway,MO,,,0.958,0.906,0.95,0.94,0.911
29029,Camden,MO,,,0.946,0.948,0.926,0.919,0.928
29031,Cape Girardeau,MO,,,0.952,0.927,0.913,0.933,0.906
29033,Carroll,MO,,,0.981,0.96,0.945,0.976,0.976
29035,Carter,MO,,,0.951,0.773,0.8,0.831,0.89
29037,Cass,MO,,,0.947,0.935,0.936,0.885,0.901
29039,Cedar,MO,,,0.969,0.937,0.937,0.897,0.922
29041,Chariton,MO,,,0.986,0.969,1,0.936,0.968
29043,Christian,MO,,,0.952,0.93,0.863,0.844,0.788
29045,Clark,MO,,,0.986,0.973,0.946,1,0.986
29047,Clay,MO,,,0.952,0.94,0.93,0.916,0.914
29049,Clinton,MO,,,0.913,0.899,0.893,0.912,0.9
29051,Cole,MO,,,0.977,0.965,0.937,0.954,0.94
29053,Cooper,MO,,,0.904,0.776,0.894,0.953,0.853
29055,Crawford,MO,,,0.967,0.951,0.922,0.911,0.885
29057,Dade,MO,,,0.918,0.836,0.805,0.937,0.935
29059,Dallas,MO,,,0.954,0.949,0.911,0.871,0.853
29061,Daviess,MO,,,0.866,0.843,0.807,0.74,0.746
29063,DeKalb,MO,,,0.96,0.961,0.946,0.925,0.948
29065,Dent,MO,,,0.932,0.917,0.904,0.875,0.915
29067,Douglas,MO,,,0.942,0.961,0.921,0.864,0.675
29069,Dunklin,MO,,,0.997,0.983,0.977,0.982,0.971
29071,Franklin,MO,,,0.939,0.913,0.897,0.881,0.901
29073,Gasconade,MO,,,0.962,0.983,0.966,0.959,0.939
29075,Gentry,MO,,,0.959,0.958,0.968,0.961,0.975
29077,Greene,MO,,,0.955,0.939,0.929,0.916,0.901
29079,Grundy,MO,,,0.958,0.947,0.959,0.946,0.967
29081,Harrison,MO,,,0.957,0.92,0.926,0.918,0.901
29083,Henry,MO,,,0.97,0.858,0.939,0.894,0.844
29085,Hickory,MO,,,0.906,0.834,0.91,0.867,0.888
29087,Holt,MO,,,0.974,,0.953,0.727,0.939
29089,Howard,MO,,,0.979,0.961,0.926,0.913,0.952
29091,Howell,MO,,,0.901,0.857,0.856,0.82,0.849
29093,Iron,MO,,,0.99,0.95,0.963,0.904,0.928
29095,Jackson,MO,,,0.944,0.92,0.872,0.93,0.897
29097,Jasper,MO,,,0.984,0.953,0.936,0.931,0.915
29099,Jefferson,MO,,,0.965,0.933,0.946,0.937,0.926
29101,Johnson,MO,,,0.943,0.934,0.905,0.922,0.927
29103,Knox,MO,,,0.935,1,0.967,1,1
29105,Laclede,MO,,,0.947,0.953,0.937,0.942,0.934
29107,Lafayette,MO,,,0.963,0.936,0.943,0.932,0.856
29109,Lawrence,MO,,,0.926,0.89,0.894,0.868,0.829
29111,Lewis,MO,,,0.928,0.92,0.905,0.932,0.942
29113,Lincoln,MO,,,0.968,0.953,0.955,0.936,0.928
29115,Linn,MO,,,0.974,0.958,0.977,0.939,0.931
29117,Livingston,MO,,,0.935,0.954,0.946,0.961,0.915
29119,McDonald,MO,,,0.851,0.952,0.86,0.899,0.951
29121,Macon,MO,,,0.932,0.965,0.915,0.929,0.806
29123,Madison,MO,,,0.937,0.979,0.945,0.936,0.97
29125,Maries,MO,,,0.936,1,0.95,0.968,0.96
29127,Marion,MO,,,0.964,0.953,0.934,0.958,0.93
29129,Mercer,MO,,,1,0.952,1,0.969,0.891
29131,Miller,MO,,,0.95,0.957,0.953,0.931,0.909
29133,Mississippi,MO,,,0.953,0.95,0.969,0.968,0.977
29135,Moniteau,MO,,,0.981,0.982,0.981,0.914,0.936
29137,Monroe,MO,,,0.956,0.861,0.887,0.95,0.908
29139,Montgomery,MO,,,0.948,0.961,0.966,0.988,0.943
29141,Morgan,MO,,,0.979,0.546,0.935,0.929,0.902
29143,New Madrid,MO,,,0.981,0.963,0.948,0.949,0.982
29145,Newton,MO,,,0.959,0.932,0.928,0.953,0.922
29147,Nodaway,MO,,,0.972,0.979,0.986,0.979,0.965
29149,Oregon,MO,,,0.969,0.929,0.901,0.889,0.9
29151,Osage,MO,,,1,0.987,0.975,0.992,0.937
29153,Ozark,MO,,,0.76,0.786,0.673,0.731,0.825
29155,Pemiscot,MO,,,0.944,0.885,0.846,0.904,0.782
29157,Perry,MO,,,0.943,0.98,0.96,0.921,0.883
29159,Pettis,MO,,,0.877,0.894,0.875,0.849,0.852
29161,Phelps,MO,,,0.954,0.944,0.96,0.927,0.936
29163,Pike,MO,,,0.97,0.957,0.942,0.908,0.924
29165,Platte,MO,,,0.958,0.945,0.953,0.955,0.948
29167,Polk,MO,,,0.951,0.914,0.925,0.931,0.906
29169,Pulaski,MO,,,0.945,0.898,0.933,0.938,0.92
29171,Putnam,MO,,,1,,0.962,0.94,0.985
29173,Ralls,MO,,,0.977,1,0.948,0.952,1
29175,Randolph,MO,,,0.967,0.959,0.931,0.956,0.911
29177,Ray,MO,,,0.952,0.953,0.965,0.957,0.921
29179,Reynolds,MO,,,0.941,0.955,0.97,0.979,0.86
29181,Ripley,MO,,,0.927,0.771,0.889,0.757,0.904
29183,St Charles,MO,,,0.968,0.97,0.965,0.96,0.944
29185,St Clair,MO,,,0.938,0.943,0.969,0.871,0.754
29186,Ste Genevieve,MO,,,0.952,0.972,0.972,0.922,0.917
29187,St Francois,MO,,,0.948,0.858,0.968,0.915,0.929
29189,St Louis County,MO,,,0.94,0.938,0.912,0.898,0.919
29195,Saline,MO,,,0.952,0.957,0.953,0.878,0.959
29197,Schuyler,MO,,,0.958,0.955,1,0.938,1
29199,Scotland,MO,,,0.8,0.827,0.734,0.552,0.611
29201,Scott,MO,,,0.987,0.96,0.971,0.946,0.938
29203,Shannon,MO,,,0.807,0.688,0.836,0.826,0.846
29205,Shelby,MO,,,1,0.985,0.985,0.964,0.982
29207,Stoddard,MO,,,0.985,0.831,0.985,0.95,0.952
29209,Stone,MO,,,0.939,0.956,0.915,0.887,0.804
29211,Sullivan,MO,,,0.92,0.971,0.927,0.987,0.932
29213,Taney,MO,,,0.894,0.898,0.894,0.891,0.825
29215,Texas,MO,,,0.972,0.913,0.88,0.885,0.825
29217,Vernon,MO,,,0.939,0.94,0.942,0.925,0.899
29219,Warren,MO,,,0.933,0.944,0.914,0.892,0.924
29221,Washington,MO,,,0.897,0.929,0.927,0.927,0.901
29223,Wayne,MO,,,0.934,0.921,0.631,0.873,0.905
29225,Webster,MO,,,0.968,0.952,0.92,0.929,0.939
29227,Worth,MO,,,,1,,0.964,1
29229,Wright,MO,,,0.884,0.916,0.915,0.829,0.864
29510,St Louis City,MO,,,0.831,0.717,0.775,0.759,0.745
32001,Churchill,NV,,0.92,,,,0.9,
32003,Clark,NV,,0.94,,,,0.93,
32005,Douglas,NV,,0.92,,,,0.93,
32007,Elko,NV,,0.94,,,,0.94,
32009,Esmeralda,NV,,1,,,,0.83,
32011,Eureka,NV,,1,,,,1,
32013,Humboldt,NV,,0.94,,,,0.92,
32015,Lander,NV,,0.91,,,,0.99,
32017,Lincoln,NV,,0.97,,,,0.96,
32019,Lyon,NV,,0.95,,,,0.94,
32021,Mineral,NV,,0.95,,,,0.93,
32023,Nye,NV,,0.92,,,,0.94,
32027,Pershing,NV,,0.96,,,,0.97,
32029,Storey,NV,,0.89,,,,1,
32031,Washoe,NV,,0.95,,,,0.95,
32033,White Pine,NV,,0.93,,,,0.94,
32510,Carson City,NV,,0.9,,,,0.93,
34001,Atlantic,NJ,0.961,0.864,0.95,0.951,0.935,0.924,0.922
34003,Bergen,NJ,0.964,0.962,0.963,0.959,0.955,0.957,0.954
34005,Burlington,NJ,0.976,0.94,0.962,0.962,0.933,0.948,0.934
34007,Camden,NJ,0.954,0.958,0.959,0.934,0.942,0.956,0.95
34009,Cape May,NJ,0.953,0.966,0.965,0.959,0.958,0.962,0.918
34011,Cumberland,NJ,0.982,0.984,0.979,0.947,0.97,0.934,0.933
34013,Essex,NJ,0.972,0.967,0.966,0.934,0.954,0.954,0.935
34015,Gloucester,NJ,0.981,0.929,0.969,0.967,0.959,0.954,0.949
34017,Hudson,NJ,0.973,0.925,0.962,0.923,0.932,0.946,0.939
34019,Hunterdon,NJ,0.945,0.96,0.949,0.96,0.957,0.927,0.928
34021,Mercer,NJ,0.965,0.941,0.963,0.922,0.946,0.957,0.937
34023,Middlesex,NJ,0.954,0.952,0.972,0.957,0.955,0.958,0.956
34025,Monmouth,NJ,0.939,0.946,0.94,0.94,0.913,0.915,0.902
34027,Morris,NJ,0.957,0.953,0.964,0.968,0.957,0.953,0.941
34029,Ocean,NJ,0.94,0.932,0.92,0.899,0.879,0.876,0.861
34031,Passaic,NJ,0.961,0.969,0.969,0.963,0.96,0.954,0.953
34033,Salem,NJ,0.984,0.958,0.978,0.949,0.983,0.967,0.954
34035,Somerset,NJ,0.964,0.965,0.968,0.965,0.953,0.958,0.952
34037,Sussex,NJ,0.964,0.947,0.953,0.954,0.936,0.933,0.896
34039,Union,NJ,0.968,0.963,0.968,0.926,0.934,0.955,0.927
34041,Warren,NJ,0.953,0.958,0.949,0.958,0.955,0.943,0.915
35001,Bernalillo,NM,,0.94,,,,,
35005,Chaves,NM,,0.95,,,,,
35006,Cibola,NM,,0.85,,,,,
35007,Colfax,NM,,0.885,,,,,
35009,Curry,NM,,0.94,,,,,
35013,Dona Ana,NM,,0.885,,,,,
35015,Eddy,NM,,0.95,,,,,
35017,Grant,NM,,0.95,,,,,
35019,Guadalupe,NM,,0.94,,,,,
35023,Hidalgo,NM,,0.94,,,,,
35025,Lea,NM,,0.95,,,,,
35029,Luna,NM,,0.95,,,,,
35031,McKinley,NM,,0.92,,,,,
35035,Otero,NM,,0.85,,,,,
35037,Quay,NM,,0.94,,,,,
35039,Rio Arriba,NM,,0.93,,,,,
35041,Roosevelt,NM,,0.94,,,,,
35045,San Juan,NM,,0.95,,,,,
35047,San Miguel,NM,,0.89,,,,,
35049,Santa Fe,NM,,0.93,,,,,
35051,Sierra,NM,,0.94,,,,,
35053,Socorro,NM,,0.92,,,,,
35055,Taos,NM,,0.85,,,,,
35057,Torrance,NM,,0.94,,,,,
36001,Albany,NY,0.98086087,0.98209649,0.9942193,0.99773684,0.99713208,0.99575221,
36003,Allegany,NY,0.67168085,0.6598125,0.9974375,0.99671875,0.99425926,0.994125,
36005,Bronx,NY,0.98487059,0.9768046,0.98858333,0.986375,0.98367123,0.99012676,
36007,Broome,NY,0.97279221,0.98483117,0.9944359,0.99746154,0.99648052,0.99639744,
36009,Cattaraugus,NY,0.701125,0.68277465,0.69675342,0.70718056,0.70843478,0.70641667,
36011,Cayuga,NY,0.92870732,0.95755814,0.99609302,0.98967568,0.99706452,0.98862162,
36013,Chautauqua,NY,0.85921111,0.851,0.87105208,0.86860638,0.87120652,0.86869892,
36015,Chemung,NY,0.98491176,0.979125,0.994375,0.9986875,0.9975,0.997625,
36017,Chenango,NY,0.9943125,0.99521875,0.9994375,0.9994375,0.99936667,0.999375,
36019,Clinton,NY,0.995275,0.994,0.9984,0.99933333,0.99873684,0.99794737,
36021,Columbia,NY,0.95184848,0.9420625,0.96569697,0.96107143,0.98814815,0.98933333,
36023,Cortland,NY,0.88325806,0.88435484,0.99788889,0.99862963,0.99819231,0.99746154,
36025,Delaware,NY,0.99063333,0.98913333,0.99766667,0.99844828,0.99762069,0.9967931,
36027,Dutchess,NY,0.96611024,0.96054331,0.98530894,0.99414783,0.98908411,0.99011111,
36029,Erie,NY,0.97956918,0.97645483,0.98974688,0.99547813,0.99594295,0.99489355,
36031,Essex,NY,0.9769697,0.96933333,0.99122581,0.99487097,0.99053571,0.99682759,
36033,Franklin,NY,0.94487879,0.93335294,0.97145714,0.94071875,0.99744444,0.9640625,
36035,Fulton,NY,0.90710714,0.94585185,0.96466667,0.99927273,0.96286957,0.96943478,
36037,Genesee,NY,0.98241935,0.97996774,0.9966129,0.99925806,0.99816129,0.99906452,
36039,Greene,NY,0.98108696,0.98013043,0.99484,0.9964,0.99886957,0.99704167,
36041,Hamilton,NY,0.9968,1,1,1,0.99625,1,
36043,Herkimer,NY,0.98840541,0.98827027,0.99867568,0.99713889,0.99276471,0.99233333,
36045,Jefferson,NY,0.9935,0.9932963,0.99766667,0.99861111,0.99803774,0.99811321,
36047,Kings,NY,0.96321021,0.96343514,0.98567688,0.98757784,0.98683165,0.98480251,
36049,Lewis,NY,0.81195833,0.81204167,0.85656522,0.902,0.83813636,0.81322727,
36051,Livingston,NY,0.98706667,0.98676667,0.99748387,0.99790323,0.9977,0.99675,
36053,Madison,NY,0.9872,0.98385,0.989825,0.998875,0.9987,0.9969,
36055,Monroe,NY,0.98784496,0.9881341,0.99633205,0.99563347,0.99659227,0.99669672,
36057,Montgomery,NY,0.58115217,0.58954348,0.54868085,0.99709524,0.996,0.588,
36059,Nassau,NY,0.98547942,0.98442443,0.99505176,0.99353586,0.99441778,0.9943212,
36061,New York,NY,0.96332778,0.97034078,0.98178652,0.98797647,0.98596875,0.99160897,
36063,Niagara,NY,0.98956944,0.98840845,0.99711268,0.99825352,0.99646774,0.99675714,
36065,Oneida,NY,0.89379279,0.8948,0.89789091,0.89933945,0.89339216,0.89875701,
36067,Onondaga,NY,0.98588824,0.98357143,0.99771257,0.99784663,0.99472327,0.99680124,
36069,Ontario,NY,0.92535849,0.93309434,0.97939286,0.99935294,0.99742222,0.97,
36071,Orange,NY,0.96388194,0.95390141,0.98633333,0.98510145,0.98574603,0.98948148,
36073,Orleans,NY,0.98194737,0.98131579,0.99742105,0.9995,0.999,0.99889474,
36075,Oswego,NY,0.98991667,0.98983673,0.99893878,0.99908163,0.99883673,0.99859184,
36077,Otsego,NY,0.98231579,0.98005556,0.99311429,0.99351429,0.99482353,0.99677143,
36079,Putnam,NY,0.96261111,0.96544444,0.98794595,0.99445714,0.994375,0.99338235,
36081,Queens,NY,0.97936306,0.97837179,0.98556667,0.99472093,0.99092913,0.99065873,
36083,Rensselaer,NY,0.97844928,0.97297101,0.99687879,0.99862121,0.99801538,0.99707692,
36085,Richmond,NY,0.97538776,0.96531111,0.99097727,0.99292105,0.99410526,0.98994595,
36087,Rockland,NY,0.92046707,0.95568391,0.98679641,0.98499346,0.98246721,0.98049007,
36089,St Lawrence,NY,0.78658904,0.79012329,0.99367901,0.99814286,0.99681081,0.99793421,
36091,Saratoga,NY,0.98336709,0.98543038,0.99675926,0.99648077,0.98767308,0.99390566,
36093,Schenectady,NY,0.98573585,0.98743396,0.99468421,0.99933333,0.99033333,0.99326316,
36095,Schoharie,NY,0.97436842,0.95431579,0.91411111,0.91177778,0.99642857,0.91755556,
36097,Schuyler,NY,0.86066667,0.866,0.72892857,0.70492857,0.66222222,0.69932143,
36099,Seneca,NY,0.72625926,0.67328571,0.81343836,0.81429167,0.81258333,0.99881356,
36101,Steuben,NY,0.9826,0.98063636,0.99561818,0.99918519,0.99784,0.99835294,
36103,Suffolk,NY,0.97210714,0.972,0.99248504,0.99666374,0.99514545,0.99442316,
36105,Sullivan,NY,0.95938889,0.96866667,0.97841176,0.9809697,0.98318182,0.98724242,
36107,Tioga,NY,0.97225926,0.97815385,0.997,0.99884615,0.99743478,0.99430769,
36109,Tompkins,NY,0.96756818,0.96947727,0.97977273,0.99688095,0.99463636,0.99663636,
36111,Ulster,NY,0.94039726,0.93859459,0.98598649,0.99816418,0.99301587,0.99046154,
36113,Warren,NY,0.9776129,0.9901,0.99875862,0.9987931,0.99957143,0.99883333,
36115,Washington,NY,0.98945714,0.98062857,0.99205405,0.99045714,0.99584848,0.99834286,
36117,Wayne,NY,0.97413725,0.97472549,0.99484906,0.99506122,0.99723077,0.9975,
36119,Westchester,NY,0.98298985,0.9805325,0.981245,0.99444855,0.99046196,0.99177454,
36121,Wyoming,NY,0.9843,0.9803,0.98755,0.99763158,0.99852941,0.99705882,
36123,Yates,NY,0.61692308,0.66039474,0.77073171,0.80470732,0.74905128,0.7489,
37001,Alamance,NC,,,0.95301682,,,0.96282528,
37003,Alexander,NC,,,0.97612732,,,0.96296296,
37005,Alleghany,NC,,,0.98275862,,,0.95652174,
37007,Anson,NC,,,0.98084291,,,0.96385542,
37009,Ashe,NC,,,0.98974359,,,0.9726776,
37011,Avery,NC,,,0.97841727,,,0.97202797,
37013,Beaufort,NC,,,0.98123827,,,0.9426087,
37015,Bertie,NC,,,0.98809524,,,0.94957983,
37017,Bladen,NC,,,0.94416244,,,0.92920354,
37019,Brunswick,NC,,,0.96063652,,,0.95267857,
37021,Buncombe,NC,,,0.93056633,,,0.92812219,
37023,Burke,NC,,,0.96124865,,,0.94313305,
37025,Cabarrus,NC,,,0.95989481,,,0.93958464,
37027,Caldwell,NC,,,0.96314496,,,0.95588235,
37029,Camden,NC,,,0.97122302,,,0.96850394,
37031,Carteret,NC,,,0.985623,,,0.96116505,
37033,Caswell,NC,,,0.94652406,,,0.88659794,
37035,Catawba,NC,,,0.97333333,,,0.95066414,
37037,Chatham,NC,,,0.95958279,,,0.96085859,
37039,Cherokee,NC,,,0.94736842,,,0.87083333,
37041,Chowan,NC,,,0.96923077,,,0.93835616,
37043,Clay,NC,,,0.92222222,,,0.9537037,
37045,Cleveland,NC,,,0.96759676,,,0.94704325,
37047,Columbus,NC,,,0.94258373,,,0.93243243,
37049,Craven,NC,,,0.96941376,,,0.95221239,
37051,Cumberland,NC,,,0.93584906,,,0.90652681,
37053,Currituck,NC,,,0.98502994,,,0.95882353,
37055,Dare,NC,,,0.97043011,,,0.95184136,
37057,Davidson,NC,,,0.93970894,,,0.96149675,
37059,Davie,NC,,,0.9841629,,,0.93953488,
37061,Duplin,NC,,,0.99054374,,,0.9856528,
37063,Durham,NC,,,0.92340313,,,0.86964079,
37065,Edgecombe,NC,,,0.97445255,,,0.92424242,
37067,Forsyth,NC,,,0.97200962,,,0.94729311,
37069,Franklin,NC,,,0.96313364,,,0.94354839,
37071,Gaston,NC,,,0.93206831,,,0.91987791,
37073,Gates,NC,,,0.97087379,,,0.97115385,
37075,Graham,NC,,,0.96116505,,,0.97619048,
37077,Granville,NC,,,0.94098361,,,0.97538462,
37079,Greene,NC,,,0.96650718,,,0.9895288,
37081,Guilford,NC,,,0.96021387,,,0.93623737,
37083,Halifax,NC,,,1,,,0.96545769,
37085,Harnett,NC,,,0.89888337,,,0.92931776,
37087,Haywood,NC,,,0.95854922,,,0.92295345,
37089,Henderson,NC,,,0.94616788,,,0.91552063,
37091,Hertford,NC,,,0.96103896,,,0.9895288,
37093,Hoke,NC,,,0.95285714,,,0.85887709,
37095,Hyde,NC,,,0.97727273,,,1,
37097,Iredell,NC,,,0.95842646,,,0.91877104,
37099,Jackson,NC,,,0.96167247,,,0.94680851,
37101,Johnston,NC,,,0.97390397,,,0.94841408,
37103,Jones,NC,,,0.95348837,,,0.90666667,
37105,Lee,NC,,,0.97630923,,,0.94865526,
37107,Lenoir,NC,,,0.98318043,,,0.95776772,
37109,Lincoln,NC,,,0.95589645,,,0.91627469,
37111,McDowell,NC,,,0.98044693,,,0.95389049,
37113,Macon,NC,,,0.87356322,,,0.9378882,
37115,Madison,NC,,,0.96444444,,,0.88700565,
37117,Martin,NC,,,0.97830803,,,0.97183099,
37119,Mecklenburg,NC,,,0.94645208,,,0.92578226,
37121,Mitchell,NC,,,0.984375,,,0.95275591,
37123,Montgomery,NC,,,0.94736842,,,0.94573643,
37125,Moore,NC,,,0.96825397,,,0.94765625,
37127,Nash,NC,,,0.97418244,,,0.9031171,
37129,New Hanover,NC,,,0.96416084,,,0.94449584,
37131,Northampton,NC,,,0.99509804,,,0.95169082,
37133,Onslow,NC,,,0.9277551,,,0.91405924,
37135,Orange,NC,,,0.9658444,,,0.95387454,
37137,Pamlico,NC,,,0.9609375,,,0.89041096,
37139,Pasquotank,NC,,,0.97142857,,,0.95982143,
37141,Pender,NC,,,0.95496689,,,0.93850267,
37143,Perquimans,NC,,,0.99275362,,,0.96261682,
37145,Person,NC,,,0.96575342,,,0.98901099,
37147,Pitt,NC,,,0.96998928,,,0.94676346,
37149,Polk,NC,,,0.92682927,,,0.91875,
37151,Randolph,NC,,,0.98253275,,,0.95754717,
37153,Richmond,NC,,,0.9874477,,,0.98597194,
37155,Robeson,NC,,,0.94392523,,,0.9564981,
37157,Rockingham,NC,,,0.9566787,,,0.96215596,
37159,Rowan,NC,,,0.95571712,,,0.89403085,
37161,Rutherford,NC,,,0.96050776,,,0.93969144,
37163,Sampson,NC,,,0.95567568,,,0.96788991,
37165,Scotland,NC,,,0.965,,,0.95899054,
37167,Stanly,NC,,,0.97428571,,,0.93098385,
37169,Stokes,NC,,,0.97031963,,,0.97045455,
37171,Surry,NC,,,0.97340426,,,0.9887218,
37173,Swain,NC,,,0.95505618,,,0.93589744,
37175,Transylvania,NC,,,0.93393393,,,0.92334495,
37177,Tyrrell,NC,,,1,,,0.9047619,
37179,Union,NC,,,0.9422955,,,0.93186955,
37181,Vance,NC,,,0.96562033,,,0.95348837,
37183,Wake,NC,,,0.95124489,,,0.94528992,
37185,Warren,NC,,,0.97222222,,,0.95121951,
37187,Washington,NC,,,0.97938144,,,0.99130435,
37189,Watauga,NC,,,0.97911227,,,0.92670157,
37191,Wayne,NC,,,0.96440873,,,0.95899054,
37193,Wilkes,NC,,,0.98495212,,,0.96692913,
37195,Wilson,NC,,,0.96197719,,,0.94571118,
37197,Yadkin,NC,,,0.97082228,,,0.95696203,
37199,Yancey,NC,,,0.97109827,,,0.99333333,
38001,Adams,ND,,,,,,1,
38003,Barnes,ND,,,,,0.959,0.9694,0.9524
38005,Benson,ND,,,,,0.9767,0.9927,0.9504
38007,Billings,ND,,,,,,,0.875
38009,Bottineau,ND,,,,,0.7692,0.7667,0.8767
38011,Bowman,ND,,,,,0.8718,1,0.9412
38013,Burke,ND,,,,,0.7576,0.8485,0.8182
38015,Burleigh,ND,,,,,0.9316,0.9142,0.8867
38017,Cass,ND,,,,,0.9278,0.9459,0.9271
38019,Cavalier,ND,,,,,1,0.9714,0.9667
38021,Dickey,ND,,,,,0.85,0.7843,0.7759
38023,Divide,ND,,,,,0.8889,0.9459,0.9286
38025,Dunn,ND,,,,,0.8983,0.6774,0.8628
38027,Eddy,ND,,,,,0.973,1,0.9655
38029,Emmons,ND,,,,,0.95,0.9211,0.8846
38031,Foster,ND,,,,,0.9737,1,0.9773
38033,Golden Valley,ND,,,,,0.9524,1,0.875
38035,Grand Forks,ND,,,,,0.9542,0.9574,0.9341
38037,Grant,ND,,,,,0.7778,0.8333,0.7419
38039,Griggs,ND,,,,,0.8684,0.9333,0.875
38041,Hettinger,ND,,,,,0.8444,0.7273,0.92
38043,Kidder,ND,,,,,0.8571,0.7742,0.8667
38045,La Moure,ND,,,,,0.9388,0.8182,0.8
38047,Logan,ND,,,,,0.8182,0.7667,0.9032
38049,McHenry,ND,,,,,0.8767,0.875,0.8594
38051,McIntosh,ND,,,,,0.8235,0.9565,0.9688
38053,McKenzie,ND,,,,,0.9021,0.8455,0.8008
38055,McLean,ND,,,,,0.9643,0.9466,0.8679
38057,Mercer,ND,,,,,0.9083,0.9208,0.866
38059,Morton,ND,,,,,0.9135,0.906,0.8744
38061,Mountrail,ND,,,,,0.8188,0.8632,0.8624
38063,Nelson,ND,,,,,0.8667,0.9535,0.9546
38065,Oliver,ND,,,,,1,0.85,0.9091
38067,Pembina,ND,,,,,0.974,0.814,0.9367
38069,Pierce,ND,,,,,0.9787,0.9,0.9268
38071,Ramsey,ND,,,,,0.8779,0.9883,0.9651
38073,Ransom,ND,,,,,0.9492,0.5753,0.9592
38075,Renville,ND,,,,,0.8571,0.8974,0.875
38077,Richland,ND,,,,,0.9583,0.9231,0.9521
38079,Rolette,ND,,,,,0.9765,0.985,0.9688
38081,Sargent,ND,,,,,0.9583,0.7556,0.9091
38083,Sheridan,ND,,,,,1,0.6875,0.75
38085,Sioux,ND,,,,,0.7791,0.8846,0.9452
38087,Slope,ND,,,,,1,,
38089,Stark,ND,,,,,0.9091,0.9032,0.9168
38091,Steele,ND,,,,,1,,0.6667
38093,Stutsman,ND,,,,,0.9509,0.9189,0.946
38095,Towner,ND,,,,,1,1,0.9091
38097,Traill,ND,,,,,0.9833,1,0.9659
38099,Walsh,ND,,,,,0.9162,0.9565,0.9583
38101,Ward,ND,,,,,0.9387,0.9504,0.9267
38103,Wells,ND,,,,,0.9231,0.8696,0.9333
38105,Williams,ND,,,,,0.846,0.877,0.8346
40001,Adair,OK,,,0.95,0.92733564,0.93981482,0.9259,0.9097
40003,Alfalfa,OK,,,0.831,0.9137931,0.90384615,0.9167,0.8596
40005,Atoka,OK,,,0.885,0.85555556,0.81355932,0.8069,0.8235
40007,Beaver,OK,,,0.929,0.91304348,0.95833333,0.9429,0.8889
40009,Beckham,OK,,,0.959,0.93288591,0.93559322,0.8901,0.9192
40011,Blaine,OK,,,0.842,0.95833333,0.87755102,0.8763,0.8539
40013,Bryan,OK,,,0.963,0.93238994,0.94,0.9092,0.8727
40015,Caddo,OK,,,0.931,0.93040293,0.83623693,0.8405,0.7987
40017,Canadian,OK,,,0.9563543,0.93430233,0.93810249,0.9174,0.8944
40019,Carter,OK,,,0.97236842,0.9501385,0.93823038,0.9253,0.8881
40021,Cherokee,OK,,,0.95857988,0.95210728,0.95538058,0.9204,0.9381
40023,Choctaw,OK,,,0.98963731,0.96,0.97435897,0.8941,0.8271
40025,Cimarron,OK,,,0.95,1,,0.875,0.8065
40027,Cleveland,OK,,,0.94792586,0.94911282,0.95181941,0.9339,0.9336
40029,Coal,OK,,,0.97260274,0.92957747,0.97297297,0.9487,0.7692
40031,Comanche,OK,,,0.93768546,0.93977813,0.93384615,0.8798,0.8773
40033,Cotton,OK,,,0.90625,0.90476191,0.73170732,0.95,0.8906
40035,Craig,OK,,,0.80263158,0.8974359,0.92307692,0.7973,0.9007
40037,Creek,OK,,,0.94717445,0.94358974,0.91994178,0.8624,0.8257
40039,Custer,OK,,,0.93534483,0.93548387,0.94698795,0.9475,0.9075
40041,Delaware,OK,,,0.93333333,0.94182826,0.91666667,0.7227,0.9267
40043,Dewey,OK,,,0.66666667,0.765625,0.77419355,0.7538,0.75
40045,Ellis,OK,,,0.89655172,0.85714286,0.91176471,0.875,0.8929
40047,Garfield,OK,,,0.97853535,0.94444444,0.96838408,0.9644,0.9557
40049,Garvin,OK,,,0.9471831,0.92561984,0.90322581,0.9195,0.8878
40051,Grady,OK,,,0.93387097,0.94154818,0.94183865,0.9366,0.9128
40053,Grant,OK,,,0.94117647,1,0.94230769,0.9048,0.9048
40055,Greer,OK,,,0.875,0.92682927,0.91304348,0.8679,0.8654
40057,Harmon,OK,,,1,1,0.93103448,0.9688,0.8889
40059,Harper,OK,,,0.94545455,0.94642857,0.91428571,0.7778,0.9722
40061,Haskell,OK,,,0.96875,0.96226415,0.9127907,0.8723,0.882
40063,Hughes,OK,,,0.99065421,0.94656489,0.93288591,0.8701,0.913
40065,Jackson,OK,,,0.98780488,0.9702381,0.99168975,0.9576,0.9587
40067,Jefferson,OK,,,0.94871795,0.89583333,0.8,0.8,0.9245
40069,Johnston,OK,,,0.87218045,1,0.92857143,0.8246,0.7462
40071,Kay,OK,,,0.95204263,0.96207585,0.98158379,0.9795,0.9742
40073,Kingfisher,OK,,,0.94583333,0.85820896,0.93359375,0.9116,0.8669
40075,Kiowa,OK,,,0.92,0.93965517,0.97222222,0.9355,0.9381
40077,Latimer,OK,,,0.625,0.93333333,0.90833333,0.9239,0.9205
40079,Le Flore,OK,,,0.95379538,0.92405063,0.92664671,0.9212,0.9387
40081,Lincoln,OK,,,0.87634409,0.86247086,0.81723238,0.7795,0.8714
40083,Logan,OK,,,0.84164223,0.8409894,0.71036585,0.8851,0.8383
40085,Love,OK,,,1,0.96666667,0.92857143,0.9231,0.9099
40087,McClain,OK,,,0.95008052,0.94259259,0.91624366,0.9016,0.8762
40089,McCurtain,OK,,,0.94794521,0.91495601,0.92619048,0.875,0.8534
40091,McIntosh,OK,,,0.95319149,0.939,0.92990654,0.8955,0.867
40093,Major,OK,,,0.98347107,0.98901099,0.93589744,0.967,0.9048
40095,Marshall,OK,,,0.97424893,0.97175141,0.91322314,0.9253,0.8622
40097,Mayes,OK,,,0.93346008,0.96505376,0.95377129,0.9101,0.9313
40099,Murray,OK,,,0.85294118,0.92178771,0.80373832,0.8268,0.7943
40101,Muskogee,OK,,,0.93804213,0.92277487,0.88211382,0.8876,0.8836
40103,Noble,OK,,,0.89534884,0.8952381,0.88405797,0.8252,0.752
40105,Nowata,OK,,,0.97,0.93333333,0.97619048,0.9035,0.9365
40107,Okfuskee,OK,,,0.82051282,0.94901961,0.92361111,0.9268,0.9323
40109,Oklahoma,OK,,,0.92686582,0.87612512,0.89076577,0.906,0.8763
40111,Okmulgee,OK,,,0.96261682,0.96394231,0.94463668,0.8931,0.8911
40113,Osage,OK,,,0.84935897,0.875,0.88448845,0.8989,0.8828
40115,Ottawa,OK,,,0.92654028,0.92248062,0.94594595,0.9158,0.8523
40117,Pawnee,OK,,,0.91573034,0.92613636,0.93577982,0.9664,0.8963
40119,Payne,OK,,,0.95640687,0.93236715,0.94614265,0.9149,0.9196
40121,Pittsburg,OK,,,0.94434137,0.92231076,0.93665158,0.8998,0.9025
40123,Pontotoc,OK,,,0.98734177,0.9835729,0.96074766,0.9476,0.9533
40125,Pottawatomie,OK,,,0.96322657,0.95460123,0.9254571,0.9208,0.9133
40127,Pushmataha,OK,,,0.99242424,0.97902098,0.94308943,0.8462,0.8468
40129,Roger Mills,OK,,,0.94915254,0.91071429,0.9375,0.9383,0.9118
40131,Rogers,OK,,,0.95441319,0.91981132,0.93170732,0.9228,0.9111
40133,Seminole,OK,,,0.92255892,0.89776358,0.89361702,0.787,0.854
40135,Sequoyah,OK,,,0.89630932,0.86736475,0.87765957,0.8371,0.8364
40137,Stephens,OK,,,0.96357616,0.95528455,0.97107438,0.9451,0.928
40139,Texas,OK,,,0.9880597,0.96621622,0.9929078,0.9717,0.9179
40141,Tillman,OK,,,0.92380952,0.91919192,0.97959184,0.8932,0.8312
40143,Tulsa,OK,,,0.93006774,0.90674365,0.91382554,0.8855,0.8905
40145,Wagoner,OK,,,0.89316239,0.89834025,0.89661319,0.8108,0.8801
40147,Washington,OK,,,0.94736842,0.87671233,0.91622103,0.9018,0.902
40149,Washita,OK,,,0.96732026,0.97761194,0.93939394,0.9098,0.9083
40151,Woods,OK,,,0.93396226,0.94444444,0.96341463,0.9192,0.9485
40153,Woodward,OK,,,0.96456693,0.93457944,0.90688259,0.8391,0.8205
41001,Baker,OR,0.91794872,0.89634146,0.94285714,0.925,0.86805556,0.87755102,0.84
41003,Benton,OR,0.92925659,0.93440428,0.94656489,0.94091581,0.95188557,0.93964335,0.941
41005,Clackamas,OR,0.91790874,0.92948579,0.92292043,0.93741885,0.93460691,0.91861598,0.91
41007,Clatsop,OR,0.9352518,0.92857143,0.95121951,0.95,0.89940828,0.94117647,0.891
41009,Columbia,OR,0.90619137,0.91816367,0.92184725,0.9140625,0.90192644,0.90588235,0.855
41011,Coos,OR,0.94625407,0.93993506,0.95806452,0.92207792,0.9588785,0.89784946,0.913
41013,Crook,OR,0.95327103,0.96747967,0.95053004,0.90980392,0.90118577,0.90123457,0.895
41015,Curry,OR,0.8647343,0.85882353,0.89265537,0.88888889,0.82926829,0.87804878,0.842
41017,Deschutes,OR,0.9072113,0.90452511,0.91259398,0.92244418,0.9200627,0.9088017,0.912
41019,Douglas,OR,0.91681416,0.90492653,0.92178301,0.91161867,0.9196515,0.9028777,0.875
41021,Gilliam,OR,0.9495549,0.96060606,0.94920635,0.94520548,0.90342679,0.92857143,0.85
41023,Grant,OR,0.83333333,0.94444444,0.90666667,0.9047619,0.84375,0.82432432,0.859
41025,Harney,OR,0.93518519,0.96470588,0.925,0.93478261,0.88095238,0.96511628,0.891
41027,Hood River,OR,0.94392523,0.93333333,0.93103448,0.94980695,0.92123288,0.89455782,0.893
41029,Jackson,OR,0.8891491,0.88812042,0.89694501,0.8993994,0.89579525,0.87069813,0.874
41031,Jefferson,OR,0.97,0.97770701,0.95634921,0.97142857,0.952,0.92857143,0.929
41033,Josephine,OR,0.86967113,0.88598575,0.85260771,0.88325653,0.84880637,0.8002681,0.787
41035,Klamath,OR,0.9336801,0.9525593,0.93877551,0.95896033,0.95646259,0.90422535,0.93
41037,Lake,OR,0.98717949,0.98809524,0.90789474,0.975,0.93846154,0.87878788,0.889
41039,Lane,OR,0.931499,0.94302554,0.9468144,0.93895156,0.94725205,0.92422825,0.92
41041,Lincoln,OR,0.94722955,0.95698925,0.93596059,0.95268139,0.94925373,0.92284866,0.917
41043,Linn,OR,0.94596491,0.94681648,0.95153243,0.9294809,0.92119779,0.90501931,0.892
41045,Malheur,OR,0.97209302,0.96483516,0.96136364,0.97982709,0.95842956,0.92964824,0.962
41047,Marion,OR,0.94847284,0.94123091,0.95211913,0.94037067,0.94687579,0.93748425,0.93
41049,Morrow,OR,0.99487179,0.99390244,0.98802395,0.97206704,0.96391753,0.95375723,0.899
41051,Multnomah,OR,0.943724,0.92314367,0.92742033,0.90814137,0.94059693,0.92423803,0.926
41053,Polk,OR,0.93722467,0.93538136,0.9452514,0.91666667,0.92387543,0.92566783,0.906
41055,Sherman,OR,0.9495549,0.96060606,0.94920635,0.94520548,0.90342679,0.96703297,0.899
41057,Tillamook,OR,0.94244604,0.95075758,0.93501805,0.96923077,0.90076336,0.91774892,0.902
41059,Umatilla,OR,0.96045198,0.96805679,0.96175373,0.95132275,0.94625922,0.93862434,0.937
41061,Union,OR,0.93581081,0.93529412,0.93597561,0.96363636,0.96193772,0.93127148,0.898
41063,Wallowa,OR,0.73214286,0.88157895,0.95588235,1,0.95121951,0.92307692,0.908
41065,Wasco,OR,0.9495549,0.96060606,0.94920635,0.94520548,0.90342679,0.96703297,0.899
41067,Washington,OR,0.95114656,0.94868478,0.95832152,0.94389997,0.94523997,0.95446585,0.953
41069,Wheeler,OR,1,1,1,,0.9375,0.92307692,0.9
41071,Yamhill,OR,0.93367025,0.92760181,0.93216281,0.93087971,0.9173263,0.90974084,0.891
42001,Adams,PA,0.96832579,0.978,0.962,0.967,0.957,0.95112415,0.9410609
42003,Allegheny,PA,0.97724365,0.97,0.971,0.952,0.954,0.94824989,0.94368726
42005,Armstrong,PA,0.95847751,0.951,0.959,0.946,0.956,0.954323,0.90610329
42007,Beaver,PA,0.95322245,0.942,0.947,0.933,0.911,0.93998938,0.91075157
42009,Bedford,PA,0.97297297,0.982,0.975,0.955,0.969,0.95833333,0.93361884
42011,Berks,PA,0.97437597,0.977,0.977,0.969,0.966,0.93958503,0.95060976
42013,Blair,PA,0.97622699,0.968,0.971,0.972,0.962,0.95553759,0.94191919
42015,Bradford,PA,0.9599466,0.972,0.952,0.944,0.946,0.91839763,0.89550073
42017,Bucks,PA,0.96858908,0.969,0.97,0.966,0.957,0.94595036,0.94589494
42019,Butler,PA,0.95066519,0.954,0.95,0.962,0.945,0.93302892,0.94104683
42021,Cambria,PA,0.97239748,0.98,0.986,0.971,0.978,0.9544345,0.95711974
42023,Cameron,PA,1,0.974,0.953,0.958,0.976,0.97368421,0.84210526
42025,Carbon,PA,0.96888889,0.983,0.966,0.975,0.956,0.95873016,0.92918455
42027,Centre,PA,0.96855895,0.966,0.968,0.972,0.956,0.95734127,0.95164609
42029,Chester,PA,0.96687783,0.956,0.966,0.948,0.951,0.94489334,0.94699367
42031,Clarion,PA,0.96567506,0.982,0.97,0.976,0.964,0.95070423,0.92890995
42033,Clearfield,PA,0.9740699,0.974,0.973,0.966,0.967,0.94619883,0.93284493
42035,Clinton,PA,0.96521739,0.963,0.966,0.939,0.975,0.95454546,0.96357616
42037,Columbia,PA,0.97650514,0.978,0.993,0.955,0.98,0.94664843,0.96448864
42039,Crawford,PA,0.96860283,0.975,0.964,0.969,0.962,0.94824708,0.93474427
42041,Cumberland,PA,0.97571485,0.967,0.971,0.972,0.975,0.93493028,0.95275591
42043,Dauphin,PA,0.94388289,0.939,0.833,0.9,0.883,0.85830347,0.87908187
42045,Delaware,PA,0.97420536,0.975,0.967,0.954,0.949,0.94569926,0.94176398
42047,Elk,PA,0.99328859,0.993,0.993,0.981,0.967,0.96167247,0.95604396
42049,Erie,PA,0.97326565,0.967,0.961,0.963,0.955,0.94627267,0.94883041
42051,Fayette,PA,0.97020158,0.966,0.967,0.959,0.964,0.9554849,0.93301435
42053,Forest,PA,1,0.955,1,1,0.95,0.85185185,1
42055,Franklin,PA,0.97517505,0.97,0.963,0.962,0.948,0.93508197,0.9250326
42057,Fulton,PA,0.97619048,0.987,0.978,0.98,0.885,0.91447368,0.88198758
42059,Greene,PA,0.97209302,0.974,0.965,0.967,0.954,0.95165394,0.97230769
42061,Huntingdon,PA,0.96954315,0.98,0.971,0.977,0.98,0.96811594,0.94626866
42063,Indiana,PA,0.9648318,0.968,0.973,0.956,0.96,0.94884488,0.91236307
42065,Jefferson,PA,0.97732998,0.981,0.971,0.951,0.951,0.93296089,0.96330275
42067,Juniata,PA,0.96428571,0.954,0.979,0.965,0.929,0.91666667,0.87692308
42069,Lackawanna,PA,0.97958237,0.977,0.981,0.976,0.965,0.96618151,0.96264368
42071,Lancaster,PA,0.95521542,0.947,0.943,0.936,0.934,0.9103626,0.90451421
42073,Lawrence,PA,0.95892019,0.944,0.973,0.919,0.948,0.94966443,0.94561598
42075,Lebanon,PA,0.97222222,0.969,0.97,0.954,0.967,0.93085502,0.91672649
42077,Lehigh,PA,0.97145906,0.975,0.973,0.97,0.953,0.94830488,0.95916139
42079,Luzerne,PA,0.9701897,0.969,0.965,0.935,0.951,0.94788274,0.95238095
42081,Lycoming,PA,0.98142718,0.977,0.975,0.98,0.98,0.96358792,0.96006797
42083,McKean,PA,0.97635934,0.977,0.987,0.956,0.957,0.96464647,0.92620865
42085,Mercer,PA,0.97366031,0.966,0.964,0.966,0.968,0.94934334,0.93416031
42087,Mifflin,PA,0.96725441,0.982,0.976,0.981,0.973,0.92896175,0.96183206
42089,Monroe,PA,0.95102041,0.94,0.947,0.94,0.91,0.92153285,0.91116595
42091,Montgomery,PA,0.96871558,0.964,0.965,0.958,0.955,0.95846678,0.95207475
42093,Montour,PA,1,0.991,0.972,0.981,0.977,0.96713615,0.98895028
42095,Northampton,PA,0.97651095,0.966,0.966,0.967,0.967,0.95911746,0.95149606
42097,Northumberland,PA,0.96273917,0.978,0.974,0.964,0.97,0.94606257,0.9232387
42099,Perry,PA,0.98226164,0.987,0.974,0.974,0.951,0.94736842,0.96577017
42101,Philadelphia,PA,0.95918207,0.951,0.974,0.949,0.943,0.92816327,0.94455407
42103,Pike,PA,0.9602649,0.936,0.94,0.963,0.932,0.91741071,0.86820084
42105,Potter,PA,1,0.919,0.947,0.96,0.979,0.88888889,0.92207792
42107,Schuylkill,PA,0.98675497,0.979,0.975,0.974,0.964,0.94903581,0.95269771
42109,Snyder,PA,0.95912807,0.969,0.961,0.916,0.971,0.92857143,0.89053254
42111,Somerset,PA,0.97854786,0.975,0.977,0.979,0.966,0.93659942,0.9351585
42113,Sullivan,PA,0.98039216,0.978,0.953,0.975,1,1,1
42115,Susquehanna,PA,0.93877551,0.967,0.949,0.92,0.938,0.92840647,0.91685912
42117,Tioga,PA,0.95867769,0.899,0.951,0.941,0.945,0.93446602,0.93367347
42119,Union,PA,0.97712418,0.959,0.966,0.965,0.964,0.9384058,0.91111111
42121,Venango,PA,0.9785832,0.969,0.972,0.967,0.957,0.94172185,0.92857143
42123,Warren,PA,0.97976879,0.98,0.988,0.981,0.96,0.97115385,0.97096774
42125,Washington,PA,0.98031865,0.973,0.96,0.959,0.953,0.96315541,0.95047706
42127,Wayne,PA,0.95808383,0.95,0.928,0.901,0.942,0.90080429,0.87016575
42129,Westmoreland,PA,0.95594295,0.953,0.954,0.958,0.939,0.93416262,0.92406919
42131,Wyoming,PA,0.9556962,0.978,0.983,0.956,0.981,0.95219124,0.92021277
42133,York,PA,0.97223357,0.974,0.973,0.967,0.963,0.94582221,0.94921403
44001,Bristol,RI,,0.917,,0.977,0.978,0.98,0.978
44003,Kent,RI,,0.975,,0.932,0.936,0.928,0.92
44005,Newport,RI,,0.944,,0.924,0.918,0.944,0.937
44007,Providence,RI,,0.96,,0.949,0.959,0.95,0.951
44009,Washington,RI,,0.948,,0.963,0.972,0.951,0.971
45001,Abbeville,SC,,,0.968,0.959,0.955,0.944,0.936
45003,Aiken,SC,,,0.934,0.928,0.926,0.919,0.928
45005,Allendale,SC,,,0.984,0.966,0.98,0.982,0.96
45007,Anderson,SC,,,0.976,0.968,0.969,0.961,0.953
45009,Bamberg,SC,,,0.998,0.986,0.988,0.982,0.985
45011,Barnwell,SC,,,0.983,0.963,0.974,0.972,0.957
45013,Beaufort,SC,,,0.967,0.966,0.966,0.958,0.951
45015,Berkeley,SC,,,0.953,0.945,0.957,0.938,0.93
45017,Calhoun,SC,,,0.969,0.966,0.969,0.93,0.924
45019,Charleston,SC,,,0.959,0.946,0.95,0.941,0.935
45021,Cherokee,SC,,,0.973,0.981,0.952,0.948,0.951
45023,Chester,SC,,,0.985,0.952,0.962,0.961,0.952
45025,Chesterfield,SC,,,0.991,0.982,0.971,0.976,0.971
45027,Clarendon,SC,,,0.989,0.989,0.982,0.986,0.98
45029,Colleton,SC,,,0.983,0.975,0.972,0.974,0.963
45031,Darlington,SC,,,0.987,0.979,0.98,0.978,0.981
45033,Dillon,SC,,,0.992,0.986,0.988,0.987,0.986
45035,Dorchester,SC,,,0.965,0.972,0.963,0.947,0.947
45037,Edgefield,SC,,,0.991,0.989,0.966,0.968,0.966
45039,Fairfield,SC,,,0.964,0.957,0.948,0.916,0.897
45041,Florence,SC,,,0.983,0.97,0.958,0.969,0.97
45043,Georgetown,SC,,,0.979,0.976,0.972,0.973,0.958
45045,Greenville,SC,,,0.959,0.96,0.952,0.934,0.93
45047,Greenwood,SC,,,0.974,0.972,0.967,0.944,0.964
45049,Hampton,SC,,,0.986,0.984,0.99,0.978,0.975
45051,Horry,SC,,,0.954,0.957,0.944,0.923,0.909
45053,Jasper,SC,,,0.951,0.926,0.927,0.91,0.897
45055,Kershaw,SC,,,0.979,0.972,0.963,0.956,0.94
45057,Lancaster,SC,,,0.958,0.963,0.948,0.952,0.947
45059,Laurens,SC,,,0.975,0.966,0.951,0.962,0.952
45061,Lee,SC,,,0.973,0.955,0.967,0.963,0.965
45063,Lexington,SC,,,0.964,0.965,0.966,0.951,0.948
45065,McCormick,SC,,,0.994,0.967,0.979,0.955,0.95
45067,Marion,SC,,,0.995,0.983,0.986,0.986,0.989
45069,Marlboro,SC,,,0.99,0.976,0.988,0.978,0.973
45071,Newberry,SC,,,0.983,0.978,0.982,0.979,0.975
45073,Oconee,SC,,,0.958,0.965,0.965,0.953,0.95
45075,Orangeburg,SC,,,0.978,0.966,0.969,0.962,0.962
45077,Pickens,SC,,,0.976,0.976,0.967,0.962,0.954
45079,Richland,SC,,,0.939,0.93,0.927,0.923,0.913
45081,Saluda,SC,,,0.986,0.938,0.931,0.942,0.947
45083,Spartanburg,SC,,,0.951,0.951,0.939,0.927,0.912
45085,Sumter,SC,,,0.955,0.945,0.972,0.967,0.959
45087,Union,SC,,,0.992,0.965,0.987,0.976,0.978
45089,Williamsburg,SC,,,0.963,0.944,0.984,0.977,0.975
45091,York,SC,,,0.973,0.968,0.965,0.95,0.944
46003,Aurora,SD,0.96,0.98,0.96,0.96,0.96,0.87,0.94
46005,Beadle,SD,0.98,0.95,0.94,0.95,0.88,0.89,0.85
46007,Bennett,SD,0.99,1,1,0.93,0.98,0.93,0.73
46009,Bon Homme,SD,0.95,0.99,0.96,1,0.92,0.94,0.87
46011,Brookings,SD,0.96,0.94,0.95,0.96,0.94,0.92,0.9
46013,Brown,SD,0.97,0.97,0.97,0.96,0.97,0.96,0.96
46015,Brule,SD,0.99,0.97,0.99,0.94,0.94,0.91,0.93
46019,Butte,SD,0.95,0.94,0.98,0.94,0.98,0.97,0.96
46021,Campbell,SD,1,1,0.92,1,0.9,0.92,0.83
46023,Charles Mix,SD,0.97,0.96,0.94,0.9,0.92,0.87,0.82
46025,Clark,SD,0.83,0.84,0.82,0.72,0.7,0.6,0.69
46027,Clay,SD,0.96,0.98,0.95,0.94,0.98,0.98,0.94
46029,Codington,SD,0.99,0.96,0.93,0.95,0.93,0.93,0.86
46031,Corson,SD,0.95,1,1,0.94,0.97,0.93,0.93
46033,Custer,SD,0.93,0.95,0.96,0.97,0.96,0.96,0.86
46035,Davison,SD,0.99,0.97,0.96,0.96,0.98,0.95,0.94
46037,Day,SD,0.99,0.97,1,0.96,0.97,0.95,0.98
46039,Deuel,SD,1,0.98,1,0.96,1,0.93,1
46041,Dewey,SD,0.96,0.95,0.98,0.88,0.97,0.89,0.92
46043,Douglas,SD,0.81,0.94,0.82,0.71,0.84,0.94,0.78
46045,Edmunds,SD,0.92,0.86,0.96,0.9,0.73,0.78,0.72
46047,Fall River,SD,0.96,0.96,0.82,0.76,0.85,0.73,0.81
46049,Faulk,SD,0.92,0.94,0.91,0.85,0.75,0.74,0.56
46051,Grant,SD,0.97,0.97,0.98,1,0.91,0.92,0.92
46053,Gregory,SD,0.94,0.95,0.93,0.93,0.93,0.89,0.78
46055,Haakon,SD,0.91,0.95,0.95,0.9,0.93,0.97,0.96
46057,Hamlin,SD,0.99,0.96,0.94,0.89,0.91,0.83,0.82
46059,Hand,SD,1,0.93,0.98,0.87,0.89,0.87,0.88
46061,Hanson,SD,1,0.9,0.88,0.92,0.96,0.79,0.79
46063,Harding,SD,0.92,0.89,0.86,0.87,1,0.96,0.79
46065,Hughes,SD,0.98,0.97,1,0.97,0.94,0.95,0.95
46067,Hutchinson,SD,0.96,0.91,0.9,0.9,0.8,0.73,0.64
46069,Hyde,SD,1,1,0.94,0.94,0.91,0.98,0.9
46071,Jackson,SD,1,1,1,1,1,0.98,0.98
46073,Jerauld,SD,0.95,0.94,0.94,1,0.83,0.89,0.81
46075,Jones,SD,0.92,0.92,0.88,1,0.67,0.93,0.6
46077,Kingsbury,SD,1,1,0.96,0.93,0.97,0.95,0.9
46079,Lake,SD,0.96,0.96,0.95,0.93,0.91,0.86,0.8
46081,Lawrence,SD,0.94,0.92,0.93,0.9,0.88,0.9,0.92
46083,Lincoln,SD,0.98,0.96,0.96,0.95,0.97,0.96,0.95
46085,Lyman,SD,1,0.97,1,1,0.98,0.96,0.89
46087,McCook,SD,0.94,0.94,0.93,0.93,0.89,0.88,0.91
46089,McPherson,SD,0.86,0.83,0.89,0.9,0.85,0.78,0.83
46091,Marshall,SD,0.96,0.92,0.91,0.81,0.84,0.83,0.72
46093,Meade,SD,0.83,0.94,0.93,0.97,0.93,0.95,0.95
46095,Mellette,SD,0.97,0.94,1,0.97,1,0.95,0.94
46097,Miner,SD,1,1,0.84,0.84,0.86,0.84,0.83
46099,Minnehaha,SD,0.95,0.96,0.96,0.95,0.94,0.92,0.91
46101,Moody,SD,1,0.95,0.98,0.96,1,0.96,0.89
46102,Oglala Lakota,SD,0.95,0.98,0.98,0.82,0.91,0.93,0.85
46103,Pennington,SD,0.97,0.97,0.98,0.97,0.97,0.95,0.95
46105,Perkins,SD,0.97,0.94,1,0.89,0.92,0.9,0.85
46107,Potter,SD,0.96,1,1,0.95,1,0.95,0.89
46109,Roberts,SD,0.96,0.99,0.98,0.93,0.96,0.98,0.9
46111,Sanborn,SD,0.87,0.91,0.9,0.92,0.8,0.78,0.66
46115,Spink,SD,0.93,0.79,0.94,0.79,0.67,0.78,0.83
46117,Stanley,SD,0.94,1,0.96,0.93,0.86,0.84,0.95
46119,Sully,SD,0.93,0.92,0.91,0.93,1,1,1
46121,Todd,SD,0.97,0.98,0.96,0.91,0.91,0.9,0.89
46123,Tripp,SD,0.85,0.92,0.9,0.95,0.93,0.93,0.86
46125,Turner,SD,0.99,0.97,0.92,0.97,0.94,0.95,0.89
46127,Union,SD,1,0.96,0.97,0.97,0.97,0.96,0.95
46129,Walworth,SD,0.95,0.97,0.95,0.97,0.97,0.94,0.9
46135,Yankton,SD,0.99,0.98,0.99,0.96,0.97,0.95,0.97
46137,Ziebach,SD,0.94,1,0.93,0.92,0.91,1,0.95
47001,Anderson,TN,,,0.98778032,0.978,0.981,0.967,0.963
47003,Bedford,TN,,,0.98636503,0.981,0.974,0.977,0.968
47005,Benton,TN,,,0.993,,1,0.986,0.964
47007,Bledsoe,TN,,,0.991,,0.966,0.943,0.976
47009,Blount,TN,,,0.95326436,0.962,0.94,0.946,0.94
47011,Bradley,TN,,,0.95300848,0.929,0.933,0.927,0.928
47013,Campbell,TN,,,0.984,0.963,0.955,0.957,0.964
47015,Cannon,TN,,,0.942,0.985,0.973,0.969,0.941
47017,Carroll,TN,,,0.984,0.978,0.978,0.952,0.973
47019,Carter,TN,,,0.978,0.953,0.959,0.966,0.969
47021,Cheatham,TN,,,0.98131368,0.969,0.962,0.961,0.938
47023,Chester,TN,,,0.996,,0.943,0.959,0.903
47025,Claiborne,TN,,,0.971,0.982,0.961,0.961,0.921
47027,Clay,TN,,,1,,0.979,0.989,0.957
47029,Cocke,TN,,,0.975,0.99,0.982,0.982,0.982
47031,Coffee,TN,,,0.977,0.984,0.97,0.962,0.967
47033,Crockett,TN,,,0.982,1,0.975,0.963,0.953
47035,Cumberland,TN,,,0.979,0.977,0.926,0.963,0.962
47037,Davidson,TN,,,0.96148347,0.959,0.958,0.954,0.948
47039,Decatur,TN,,,0.978,,0.956,0.935,0.922
47041,De Kalb,TN,,,0.991,,0.951,0.934,0.961
47043,Dickson,TN,,,0.97,0.979,0.969,0.973,0.954
47045,Dyer,TN,,,0.98151891,0.987,0.985,0.985,0.978
47047,Fayette,TN,,,0.97873252,0.953,0.982,0.951,0.983
47049,Fentress,TN,,,0.847,0.913,0.836,0.863,0.898
47051,Franklin,TN,,,0.973,0.983,0.972,0.953,0.958
47053,Gibson,TN,,,0.972,0.964,0.947,0.949,0.935
47055,Giles,TN,,,0.963,0.938,0.959,0.949,0.932
47057,Grainger,TN,,,0.991,0.981,0.986,0.95,0.987
47059,Greene,TN,,,0.97094261,0.987,0.97,0.956,0.975
47061,Grundy,TN,,,0.933,0.954,0.91,0.963,0.832
47063,Hamblen,TN,,,0.97359654,0.968,0.963,0.959,0.929
47065,Hamilton,TN,,,0.95103724,0.944,0.925,0.935,0.922
47067,Hancock,TN,,,0.985,,1,0.915,0.941
47069,Hardeman,TN,,,0.978,0.996,0.985,0.973,0.971
47071,Hardin,TN,,,0.96195172,0.993,0.951,0.944,0.947
47073,Hawkins,TN,,,0.977,0.979,0.974,0.97,0.951
47075,Haywood,TN,,,0.908,,0.944,0.926,0.957
47077,Henderson,TN,,,0.979,0.982,0.943,0.959,0.949
47079,Henry,TN,,,0.979,0.983,0.943,0.972,0.963
47081,Hickman,TN,,,0.969,,0.981,0.961,0.947
47083,Houston,TN,,,0.989,,0.978,0.99,0.989
47085,Humphreys,TN,,,0.969,0.964,0.952,0.966,0.968
47087,Jackson,TN,,,0.88,,0.937,0.926,0.914
47089,Jefferson,TN,,,0.965,0.969,0.996,0.972,0.943
47091,Johnson,TN,,,0.993,0.969,0.978,0.921,0.98
47093,Knox,TN,,,0.96402295,0.958,0.953,0.952,0.955
47095,Lake,TN,,,1,,0.959,0.965,0.98
47097,Lauderdale,TN,,,0.992,,0.996,0.988,
47099,Lawrence,TN,,,0.963,0.954,0.95,0.944,0.924
47101,Lewis,TN,,,0.972,,0.959,0.968,0.903
47103,Lincoln,TN,,,0.97877297,0.976,0.961,0.96,0.947
47105,Loudon,TN,,,0.974,0.97,0.934,0.955,0.951
47107,McMinn,TN,,,0.973,0.975,0.977,0.969,0.956
47109,McNairy,TN,,,0.971,0.979,0.969,0.947,
47111,Macon,TN,,,0.97650928,,0.98,0.992,0.992
47113,Madison,TN,,,0.96762227,0.976,0.962,0.954,0.955
47115,Marion,TN,,,0.987,0.987,0.978,0.968,0.965
47117,Marshall,TN,,,0.964,,0.98,0.948,0.933
47119,Maury,TN,,,0.95601751,0.943,0.91,0.918,0.913
47121,Meigs,TN,,,0.992,,0.96,0.961,0.944
47123,Monroe,TN,,,0.968,0.947,0.942,0.967,0.944
47125,Montgomery,TN,,,0.96407185,0.956,0.956,0.953,0.944
47127,Moore,TN,,,0.96,,0.952,0.85,0.917
47129,Morgan,TN,,,0.963,0.955,0.935,0.957,0.96
47131,Obion,TN,,,0.979,0.974,0.974,0.969,0.99
47133,Overton,TN,,,0.996,0.966,0.988,0.959,0.974
47135,Perry,TN,,,1,,0.985,0.938,0.959
47137,Pickett,TN,,,0.898,,0.926,0.944,1
47139,Polk,TN,,,0.963,0.938,0.908,0.947,0.92
47141,Putnam,TN,,,0.96648899,0.945,0.947,0.96,0.939
47143,Rhea,TN,,,0.984,0.969,0.953,0.97,0.965
47145,Roane,TN,,,0.969,0.945,0.975,0.956,0.959
47147,Robertson,TN,,,0.95896233,0.962,0.96,0.956,0.951
47149,Rutherford,TN,,,0.97041196,0.972,0.965,0.956,0.952
47151,Scott,TN,,,0.985,0.99,0.984,0.967,0.961
47153,Sequatchie,TN,,,0.973,,0.938,0.981,0.988
47155,Sevier,TN,,,0.97314991,0.985,0.96,0.965,0.942
47157,Shelby,TN,,,0.97526657,0.975,0.966,0.967,0.968
47159,Smith,TN,,,0.975,0.995,0.962,0.959,0.959
47161,Stewart,TN,,,0.986,,0.979,0.963,0.98
47163,Sullivan,TN,,,0.97553696,0.969,0.967,0.967,0.955
47165,Sumner,TN,,,0.96715988,0.966,0.946,0.943,0.95
47167,Tipton,TN,,,0.98742462,0.983,0.987,0.954,0.953
47169,Trousdale,TN,,,1,,0.961,0.876,0.907
47171,Unicoi,TN,,,0.981,0.977,0.979,0.95,0.964
47173,Union,TN,,,0.883,0.86,0.95,0.858,0.863
47175,Van Buren,TN,,,0.981,,0.92,0.935,0.667
47177,Warren,TN,,,0.97855462,0.984,0.973,0.943,0.954
47179,Washington,TN,,,0.97177226,0.972,0.97,0.954,0.959
47181,Wayne,TN,,,0.945,,0.981,0.976,0.963
47183,Weakley,TN,,,0.978,0.971,0.975,0.958,0.963
47185,White,TN,,,0.952,0.911,0.951,0.953,0.938
47187,Williamson,TN,,,0.95783051,0.96,0.935,0.938,0.927
47189,Wilson,TN,,,0.97388324,0.974,0.964,0.946,0.948
48001,Anderson,TX,,,0.97945205,0.97530864,0.9676259,0.96229803,0.95691203
48003,Andrews,TX,,,0.99047619,0.9752322,1,0.99363057,0.97682119
48005,Angelina,TX,,,0.98177496,0.97874307,0.96147404,0.95418502,0.94070797
48007,Aransas,TX,,,0.97446809,0.96551724,1,0.98139535,0.97674419
48009,Archer,TX,,,0.98591549,0.99354839,0.97468354,0.94202899,0.95384615
48011,Armstrong,TX,,,0.92592593,0.9,0.94444444,1,0.96
48013,Atascosa,TX,,,0.99830508,0.9704918,0.98705502,0.9719764,0.98509934
48015,Austin,TX,,,0.98382749,0.97916667,0.98267327,0.95300261,0.94540943
48017,Bailey,TX,,,0.98876404,1,0.94623656,0.95412844,0.9893617
48019,Bandera,TX,,,0.95628415,0.95,0.96835443,0.92146597,0.95428571
48021,Bastrop,TX,,,0.95666132,0.96805897,0.95429899,0.93016117,0.94946619
48023,Baylor,TX,,,1,0.92727273,0.96,0.96078431,0.92307692
48025,Bee,TX,,,0.98717949,0.98860399,0.98133333,0.96794872,0.9752322
48027,Bell,TX,,,0.97176871,0.96199932,0.9613183,0.96511835,0.95879486
48029,Bexar,TX,,,0.97027113,0.95324901,0.94630872,0.93534055,0.94400158
48031,Blanco,TX,,,0.93684211,0.91509434,0.8974359,0.8559322,0.86206897
48033,Borden,TX,,,1,0.84615385,1,1,0.94444444
48035,Bosque,TX,,,0.92972973,0.96174863,0.9078341,0.9,0.92631579
48037,Bowie,TX,,,0.96355353,0.96214989,0.95791001,0.94931921,0.95076675
48039,Brazoria,TX,,,0.97745902,0.97516176,0.97047725,0.96493027,0.96729636
48041,Brazos,TX,,,0.96984717,0.96916488,0.97485331,0.95968449,0.9644581
48043,Brewster,TX,,,0.91304348,0.87837838,0.88888889,0.89393939,0.94736842
48045,Briscoe,TX,,,1,0.93333333,0.85714286,1,0.8
48047,Brooks,TX,,,1,0.98989899,1,0.97333333,0.98913044
48049,Brown,TX,,,0.97045455,0.96455696,0.96728972,0.96100917,0.93636364
48051,Burleson,TX,,,0.99553571,0.98198198,0.95813953,0.98245614,0.97572816
48053,Burnet,TX,,,0.94980695,0.9561753,0.91881919,0.9238477,0.9137931
48055,Caldwell,TX,,,0.97974217,0.97879859,0.9725777,0.98046875,0.96901893
48057,Calhoun,TX,,,0.99348534,0.99277978,0.99295775,0.9795082,0.98717949
48059,Callahan,TX,,,0.95882353,0.96153846,0.92227979,0.91847826,0.94054054
48061,Cameron,TX,,,0.99275862,0.98698011,0.97869073,0.98124267,0.98452454
48063,Camp,TX,,,1,0.96629213,0.97452229,0.98203593,0.95428571
48065,Carson,TX,,,0.93396226,0.94117647,0.96842105,0.95238095,0.91666667
48067,Cass,TX,,,0.96029777,0.97979798,0.95544554,0.9490085,0.95505618
48069,Castro,TX,,,0.95522388,0.94871795,0.95098039,0.97727273,0.99009901
48071,Chambers,TX,,,0.97043011,0.97448166,0.96751412,0.95753425,0.94293478
48073,Cherokee,TX,,,0.99194847,0.99513776,0.98357964,0.98497496,0.97368421
48075,Childress,TX,,,0.96825397,0.875,1,1,0.70491803
48077,Clay,TX,,,0.9765625,0.97196262,0.99107143,0.96261682,0.91176471
48079,Cochran,TX,,,0.93333333,0.925,0.90697674,0.90384615,0.95238095
48081,Coke,TX,,,0.97368421,0.97058824,0.94871795,0.90909091,0.88571429
48083,Coleman,TX,,,1,0.96428571,0.97777778,0.91566265,0.8974359
48085,Collin,TX,,,0.95546662,0.95370255,0.94967364,0.94165913,0.93311441
48087,Collingsworth,TX,,,0.9,0.95652174,0.9375,0.90322581,0.95348837
48089,Colorado,TX,,,0.98870056,0.95390071,0.95864662,0.96577947,0.95634921
48091,Comal,TX,,,0.95196998,0.96391153,0.95143818,0.92683866,0.92261002
48093,Comanche,TX,,,0.95977011,0.97633136,0.95480226,0.98837209,0.97315436
48095,Concho,TX,,,1,0.95,1,0.92857143,1
48097,Cooke,TX,,,0.98097252,0.96498054,0.95287958,0.93442623,0.92307692
48099,Coryell,TX,,,0.97212121,0.96782178,0.96309963,0.9630137,0.95212766
48101,Cottle,TX,,,1,1,1,1,0.88888889
48103,Crane,TX,,,0.98765432,1,0.98095238,0.93181818,
48105,Crockett,TX,,,1,0.96226415,1,1,1
48107,Crosby,TX,,,1,0.98780488,0.93055556,0.98387097,0.96363636
48109,Culberson,TX,,,1,0.97058824,1,0.97297297,0.96153846
48111,Dallam,TX,,,0.92948718,0.98285714,0.92352941,0.96174863,0.95266272
48113,Dallas,TX,,,0.97192306,0.93520928,0.9201006,0.94224498,0.94260409
48115,Dawson,TX,,,0.91082803,0.92090395,0.92903226,0.86524823,0.8807947
48117,Deaf Smith,TX,,,0.99665552,0.97142857,0.99044586,0.99669967,0.98381877
48119,Delta,TX,,,0.98305085,0.98571429,1,0.98507463,0.93846154
48121,Denton,TX,,,0.95248474,0.94072134,0.91175513,0.92574526,0.91687871
48123,DeWitt,TX,,,0.97073171,0.96721311,0.93034826,0.9787234,0.97252747
48125,Dickens,TX,,,0.96153846,1,0.93333333,0.86363636,0.90476191
48127,Dimmit,TX,,,1,0.97727273,1,1,0.98214286
48129,Donley,TX,,,1,0.94736842,0.91489362,0.95121951,0.97727273
48131,Duval,TX,,,0.98742138,1,0.92121212,0.98666667,0.9765625
48133,Eastland,TX,,,0.95477387,0.955,0.91133005,0.83255814,0.95628415
48135,Ector,TX,,,0.97598918,0.96462899,0.95008117,0.94286872,0.9127864
48137,Edwards,TX,,,0.95744681,0.94594595,0.97142857,0.97368421,0.96428571
48139,Ellis,TX,,,0.96598866,0.96689189,0.95357834,0.94615385,0.93659479
48141,El Paso,TX,,,0.98582314,0.97262998,0.93202301,0.96592912,0.9637031
48143,Erath,TX,,,0.97368421,0.97690531,0.98130841,0.95192308,0.93939394
48145,Falls,TX,,,0.98333333,0.97076023,0.97206704,0.92090395,0.91764706
48147,Fannin,TX,,,0.95110024,0.96455696,0.93229167,0.92819149,0.94148936
48149,Fayette,TX,,,0.98214286,0.99288256,0.96785714,0.97794118,0.96969697
48151,Fisher,TX,,,0.96,0.97674419,0.94594595,0.91428571,0.95454546
48153,Floyd,TX,,,1,0.95,0.98529412,0.97142857,0.95121951
48155,Foard,TX,,,1,0.91666667,1,0.8,0.66666667
48157,Fort Bend,TX,,,0.98620772,0.9744112,0.95040369,0.95647321,0.95671422
48159,Franklin,TX,,,0.98039216,1,1,0.96842105,0.95238095
48161,Freestone,TX,,,0.96995708,0.94331984,0.96031746,0.93360996,0.92511013
48163,Frio,TX,,,0.98130841,0.98067633,0.9742268,0.98086124,0.98477157
48165,Gaines,TX,,,0.80434783,0.80811808,0.82857143,0.828125,0.81967213
48167,Galveston,TX,,,0.97143806,0.95639691,0.96094428,0.95627411,0.95019808
48169,Garza,TX,,,0.96969697,0.96078431,0.96363636,0.95,0.97142857
48171,Gillespie,TX,,,0.94520548,0.94736842,0.90647482,0.93181818,0.94214876
48173,Glasscock,TX,,,0.95,0.92,0.93333333,0.92,0.94444444
48175,Goliad,TX,,,0.97435897,0.97674419,0.95180723,0.98924731,0.93243243
48177,Gonzales,TX,,,0.98841699,0.99658703,0.975,0.98770492,0.96108949
48179,Gray,TX,,,0.98596491,0.94402985,0.9488189,0.96402878,0.90666667
48181,Grayson,TX,,,0.96520822,0.95426313,0.93944181,0.94237102,0.93368421
48183,Gregg,TX,,,0.96030043,0.94776995,0.95679012,0.95711733,0.94589552
48185,Grimes,TX,,,0.98187311,0.97077922,0.97101449,0.95637584,0.94328358
48187,Guadalupe,TX,,,0.98142251,0.98066465,0.96894767,0.93450882,0.97149788
48189,Hale,TX,,,0.98015873,0.98604651,0.98568019,0.98126464,0.98328691
48191,Hall,TX,,,0.90909091,0.78947368,0.84375,0.85294118,0.70588235
48193,Hamilton,TX,,,0.98795181,0.97478992,0.98863636,0.9375,0.97701149
48195,Hansford,TX,,,0.96116505,1,0.925,0.93181818,0.97368421
48197,Hardeman,TX,,,0.96774194,0.96078431,1,0.97368421,1
48199,Hardin,TX,,,0.96727273,0.95933926,0.95078031,0.89245983,0.92708333
48201,Harris,TX,,,0.96773796,0.9219635,0.91741071,0.93266787,0.94137416
48203,Harrison,TX,,,0.97481637,0.98009368,0.96280553,0.95981087,0.9402439
48205,Hartley,TX,,,0.93333333,0.88888889,0.91304348,0.86206897,0.83333333
48207,Haskell,TX,,,0.94230769,0.98148148,0.96363636,0.92,0.94
48209,Hays,TX,,,0.96370107,0.96260644,0.95976816,0.95958138,0.9507405
48211,Hemphill,TX,,,1,0.98461538,0.98214286,0.93877551,0.94339623
48213,Henderson,TX,,,0.96716418,0.96042781,0.95703125,0.94438827,0.94170854
48215,Hidalgo,TX,,,0.99231234,0.97325349,0.97282731,0.95730314,0.96740341
48217,Hill,TX,,,0.94421488,0.93333333,0.92727273,0.93071594,0.89356436
48219,Hockley,TX,,,0.98198198,0.98671096,0.97540984,0.94080997,0.94389439
48221,Hood,TX,,,0.92845787,0.90538336,0.84986226,0.89212828,0.90865385
48223,Hopkins,TX,,,0.97881356,0.95205479,0.99322799,0.95454545,0.95022624
48225,Houston,TX,,,0.95927602,0.93298969,0.9352518,0.89777778,0.89247312
48227,Howard,TX,,,0.98987854,0.97820823,0.96595745,0.96710526,0.97349398
48229,Hudspeth,TX,,,0.97297297,0.94117647,0.93333333,1,0.92105263
48231,Hunt,TX,,,0.97759857,0.98431734,0.96894977,0.94886364,0.94235589
48233,Hutchinson,TX,,,0.95932203,0.95384615,0.94014085,0.95477387,0.95726496
48235,Irion,TX,,,0.96153846,1,0.89473684,0.93939394,0.92
48237,Jack,TX,,,0.95238095,0.99166667,0.95283019,0.96875,0.92660551
48239,Jackson,TX,,,0.9877551,0.98706897,0.99583333,0.9858156,0.98770492
48241,Jasper,TX,,,0.93502825,0.95636364,0.92183908,0.91116751,0.89757412
48243,Jeff Davis,TX,,,0.84615385,0.85714286,0.88888889,0.90909091,0.94285714
48245,Jefferson,TX,,,0.97730757,0.96892834,0.96129641,0.95573175,0.95752655
48247,Jim Hogg,TX,,,1,0.93902439,0.86075949,0.98360656,0.81818182
48249,Jim Wells,TX,,,0.97516556,0.9905482,0.97590361,0.90797546,0.97435897
48251,Johnson,TX,,,0.95740599,0.95291393,0.94552968,0.94321429,0.93745233
48253,Jones,TX,,,0.9902439,0.99382716,0.95212766,0.97354497,0.95698925
48255,Karnes,TX,,,0.98492462,0.99009901,0.96470588,0.8543956,0.97752809
48257,Kaufman,TX,,,0.96453901,0.9708498,0.95348837,0.96677881,0.94898785
48259,Kendall,TX,,,0.9395466,0.94205052,0.94588235,0.89966178,0.91130012
48261,Kenedy,TX,,,1,1,1,1,0.92857143
48263,Kent,TX,,,1,0.8,0.90909091,1,0.84615385
48265,Kerr,TX,,,0.9292543,0.96230159,0.95390782,0.91871456,0.93213573
48267,Kimble,TX,,,0.97916667,0.92156863,0.95652174,1,0.97560976
48269,King,TX,,,0.88888889,0.90909091,0.73333333,0.5,1
48271,Kinney,TX,,,1,0.97777778,0.93617021,1,0.97435897
48273,Kleberg,TX,,,0.98882682,0.98753894,0.98986486,0.94701987,0.96564886
48275,Knox,TX,,,1,0.98181818,0.96078431,0.93617021,0.94594595
48277,Lamar,TX,,,0.97492625,0.97815913,0.97767145,0.96551724,0.96835443
48279,Lamb,TX,,,1,0.95675676,0.98984772,0.98148148,0.97368421
48281,Lampasas,TX,,,0.95686275,0.98571429,0.94852941,0.92519685,0.94444444
48283,La Salle,TX,,,0.97938144,1,,0.96610169,1
48285,Lavaca,TX,,,0.97971014,0.98107256,0.97326203,0.96153846,0.92463768
48287,Lee,TX,,,0.9755102,0.97033898,0.9509434,0.96756757,0.95982143
48289,Leon,TX,,,0.98095238,0.97402597,0.97854077,0.93406593,0.94761905
48291,Liberty,TX,,,0.97890295,0.9825297,0.97817955,0.97213221,0.96466877
48293,Limestone,TX,,,0.97894737,0.87654321,0.73010381,0.80985915,0.92561984
48295,Lipscomb,TX,,,0.9375,0.83333333,0.9047619,0.925,0.88636364
48297,Live Oak,TX,,,1,0.99082569,0.95714286,0.99264706,0.96062992
48299,Llano,TX,,,0.96240602,0.97142857,0.9695122,0.9787234,0.90839695
48303,Lubbock,TX,,,0.94756278,0.93286858,0.92030222,0.91315585,0.92254274
48305,Lynn,TX,,,0.97580645,0.98039216,0.93939394,0.90625,0.92156863
48307,McCulloch,TX,,,0.98809524,0.89411765,0.95180723,0.95744681,0.93975904
48309,McLennan,TX,,,0.96938295,0.95831266,0.95663265,0.95126354,0.9652813
48311,McMullen,TX,,,,0.91666667,0.95238095,1,0.95454546
48313,Madison,TX,,,1,0.96534653,0.96315789,0.96984925,0.99489796
48315,Marion,TX,,,0.98611111,0.96153846,0.96875,0.97468354,0.98412698
48317,Martin,TX,,,0.96581197,0.98979592,0.95652174,0.94565217,0.96590909
48319,Mason,TX,,,0.96825397,0.98076923,0.9245283,0.96,0.89090909
48321,Matagorda,TX,,,0.98035714,0.97669492,0.9738806,0.97637795,0.97131931
48323,Maverick,TX,,,0.99324976,0.96628131,0.89233754,0.86806883,0.96300103
48325,Medina,TX,,,0.98345154,0.97088608,0.95022124,0.91237113,0.94915254
48327,Menard,TX,,,1,1,1,1,0.95238095
48329,Midland,TX,,,0.97088094,0.96804207,0.95682918,0.96076233,0.94766355
48331,Milam,TX,,,0.984375,0.97124601,0.95114007,0.96028881,0.94909091
48333,Mills,TX,,,0.98,1,0.98360656,0.89090909,0.9375
48335,Mitchell,TX,,,0.97938144,0.89,0.99,0.97169811,0.93406593
48337,Montague,TX,,,0.88157895,0.89224138,0.86752137,0.84862385,0.85201794
48339,Montgomery,TX,,,0.957617,0.96114055,0.95017381,0.94231641,0.93924761
48341,Moore,TX,,,0.95707071,0.98412698,0.97277228,0.96460177,0.97389034
48343,Morris,TX,,,0.97826087,1,0.96453901,0.984,0.96153846
48345,Motley,TX,,,1,0.88888889,1,1,0.93333333
48347,Nacogdoches,TX,,,0.98484848,0.98730964,0.96182266,0.96187683,0.96531792
48349,Navarro,TX,,,0.98847631,0.97762238,0.97321429,0.95492958,0.95879121
48351,Newton,TX,,,0.93548387,0.94573643,0.9380531,0.90526316,0.85858586
48353,Nolan,TX,,,0.99588477,0.98395722,0.97916667,0.97814208,0.91780822
48355,Nueces,TX,,,0.98509075,0.98121938,0.97712252,0.96761349,0.96532258
48357,Ochiltree,TX,,,0.93421053,0.89032258,0.9483871,0.92682927,0.97297297
48359,Oldham,TX,,,0.98214286,0.92857143,0.97058824,0.97674419,0.84
48361,Orange,TX,,,0.95093063,0.94774136,0.92758621,0.93407614,0.91140434
48363,Palo Pinto,TX,,,0.95380435,0.96119403,0.93538462,0.96952909,0.93982808
48365,Panola,TX,,,0.90038314,0.9790795,0.96666667,0.93548387,0.94092827
48367,Parker,TX,,,0.94760066,0.96017699,0.93789423,0.92850195,0.91765873
48369,Parmer,TX,,,0.92352941,0.93421053,0.96428571,0.97093023,0.95035461
48371,Pecos,TX,,,0.98319328,0.98918919,0.97252747,0.99411765,0.78427419
48373,Polk,TX,,,0.94610778,0.96370968,0.96942446,0.65028355,0.93374741
48375,Potter,TX,,,0.97804533,0.96866641,0.97016097,0.96502914,0.96321939
48377,Presidio,TX,,,0.98979592,0.98823529,0.86111111,0.96923077,0.90740741
48379,Rains,TX,,,0.90909091,0.98584906,0.90654206,0.92913386,0.90384615
48381,Randall,TX,,,0.96045918,0.96716826,0.96315121,0.95037221,0.93947368
48383,Reagan,TX,,,0.95454545,1,1,0.98550725,1
48385,Real,TX,,,1,1,1,1,NR
48387,Red River,TX,,,0.98639456,0.98095238,0.99354839,0.97241379,0.91056911
48389,Reeves,TX,,,0.98387097,0.92626728,0.95416667,0.86979167,0.94923858
48391,Refugio,TX,,,0.96202532,0.98039216,0.97802198,0.94252874,0.96341463
48393,Roberts,TX,,,1,0.92307692,1,1,1
48395,Robertson,TX,,,0.96694215,0.98122066,0.97609562,0.97244094,0.97584541
48397,Rockwall,TX,,,0.94865526,0.95496689,0.93637941,0.9318301,0.91472868
48399,Runnels,TX,,,0.99264706,0.99230769,0.96363636,0.97101449,0.93846154
48401,Rusk,TX,,,0.96952381,0.96616541,0.94384058,0.95585413,0.92528736
48403,Sabine,TX,,,0.97241379,1,0.94736842,0.89915966,0.94029851
48405,San Augustine,TX,,,0.9375,0.98591549,0.95945946,0.98630137,0.92727273
48407,San Jacinto,TX,,,0.97368421,0.97356828,0.96759259,0.9795082,0.95435685
48409,San Patricio,TX,,,0.98887765,0.97644287,0.97446374,0.97454931,0.97601919
48411,San Saba,TX,,,0.97260274,0.95945946,0.98333333,1,0.97468354
48413,Schleicher,TX,,,1,1,1,1,1
48415,Scurry,TX,,,0.96069869,0.96666667,0.96202532,0.96888889,0.97790055
48417,Shackelford,TX,,,0.92682927,0.82051282,0.95121951,0.93333333,0.83333333
48419,Shelby,TX,,,0.96428571,0.96657382,0.97831978,0.94617564,0.94334278
48421,Sherman,TX,,,0.91666667,0.93023256,0.82692308,0.9,0.96226415
48423,Smith,TX,,,0.96815718,0.9644154,0.95154778,0.9355286,0.93259592
48425,Somervell,TX,,,0.92857143,0.95934959,0.92356688,0.96062992,0.93103448
48427,Starr,TX,,,0.99169742,0.96529081,0.93184358,0.95072464,0.97190427
48429,Stephens,TX,,,0.95454545,0.89908257,0.94488189,0.94680851,0.85714286
48431,Sterling,TX,,,0.92,0.95238095,0.92592593,0.88888889,0.76470588
48433,Stonewall,TX,,,,0.91666667,1,0.85714286,
48435,Sutton,TX,,,0.96296296,0.96153846,0.96,0.98,0.9787234
48437,Swisher,TX,,,0.99074074,0.98924731,0.99009901,0.93150685,0.95604396
48439,Tarrant,TX,,,0.95869557,0.94581861,0.92387714,0.92370198,0.91521398
48441,Taylor,TX,,,0.98159832,0.97130243,0.96186896,0.96048299,0.96384872
48443,Terrell,TX,,,1,1,1,1,1
48445,Terry,TX,,,0.95953757,0.96129032,0.95541401,0.91836735,0.95522388
48447,Throckmorton,TX,,,1,0.63157895,0.95454545,0.85714286,0.72727273
48449,Titus,TX,,,1,0.99707602,0.96728016,0.9785575,0.95051546
48451,Tom Green,TX,,,0.98084736,0.9791395,0.96035242,0.97596458,0.96938065
48453,Travis,TX,,,0.96248519,0.95502373,0.90642363,0.90367324,0.89611787
48455,Trinity,TX,,,0.98113208,0.96478873,0.92857143,0.91875,0.9112426
48457,Tyler,TX,,,0.96356275,0.97446809,0.95604396,0.94144144,0.89201878
48459,Upshur,TX,,,0.96831683,0.95777778,0.95541401,0.95092025,0.93303571
48461,Upton,TX,,,0.98648649,1,0.98214286,1,0.94736842
48463,Uvalde,TX,,,0.97135417,0.97468354,0.97183099,0.95430108,0.94632768
48465,Val Verde,TX,,,0.98597475,0.97588652,0.92950392,0.92909897,0.92659054
48467,Van Zandt,TX,,,0.94285714,0.96491228,0.93424658,0.94318182,0.9265928
48469,Victoria,TX,,,0.98205928,0.9840708,0.98091286,0.98206278,0.97912714
48471,Walker,TX,,,0.97094801,0.9584,0.95892575,0.94230769,0.91233766
48473,Waller,TX,,,0.98166259,0.97951344,0.97055215,0.96728972,0.96069869
48475,Ward,TX,,,0.98076923,0.99350649,0.96273292,0.92655367,0.93782383
48477,Washington,TX,,,0.98368298,0.98753117,0.97540984,0.94850949,0.96756757
48479,Webb,TX,,,0.99607415,0.99082341,0.99310915,0.99166258,0.9913508
48481,Wharton,TX,,,0.98561151,0.98336414,0.97491039,0.96808511,0.96947935
48483,Wheeler,TX,,,0.91666667,0.94029851,0.98717949,0.98529412,0.96296296
48485,Wichita,TX,,,0.98225214,0.9797914,0.96237624,0.97464977,0.96604297
48487,Wilbarger,TX,,,0.98611111,0.98809524,0.99375,0.98039216,0.98507463
48489,Willacy,TX,,,0.9826087,0.97142857,1,0.97338403,0.99193548
48491,Williamson,TX,,,0.95061599,0.94145059,0.93902571,0.9405116,0.94866744
48493,Wilson,TX,,,0.98216939,0.97976391,0.98099415,0.97670549,0.97171381
48495,Winkler,TX,,,0.98496241,0.9921875,0.99065421,0.98507463,0.99186992
48497,Wise,TX,,,0.93991989,0.95588235,0.92922674,0.9271137,0.88609272
48499,Wood,TX,,,0.94606742,0.96073903,0.93231441,0.94117647,0.93877551
48501,Yoakum,TX,,,0.95070423,0.99186992,0.92920354,0.91150442,0.925
48503,Young,TX,,,0.97196262,0.9587156,0.93518519,0.95594714,0.96938776
48505,Zapata,TX,,,0.99245283,0.9707113,0.97916667,0.9804878,0.9954955
48507,Zavala,TX,,,0.99415205,1,1,0.99206349,1
49001,Beaver,UT,0.977,0.983,0.98,0.98,0.98,0.975,
49003,Box Elder,UT,0.97,0.957,0.962,0.963,0.96,0.95,
49005,Cache,UT,0.97,0.971,0.967,0.973,0.967,0.964,
49007,Carbon,UT,0.98,0.974,0.973,0.971,0.966,0.957,
49009,Daggett,UT,0.995,0.975,0.982,0.835,0.923,0.937,
49011,Davis,UT,0.969,0.968,0.944,0.964,0.965,0.964,
49013,Duchesne,UT,0.95,0.949,0.949,0.95,0.937,0.936,
49015,Emery,UT,0.951,0.953,0.947,0.945,0.904,0.949,
49017,Garfield,UT,0.959,0.954,0.946,0.941,0.945,0.934,
49019,Grand,UT,0.954,0.963,0.948,0.941,0.944,0.938,
49021,Iron,UT,0.946,0.941,0.94,0.946,0.94,0.856,
49023,Juab,UT,0.925,0.918,0.922,0.924,0.927,0.925,
49025,Kane,UT,0.914,0.908,0.905,0.91,0.891,0.88,
49027,Millard,UT,0.952,0.954,0.949,0.948,0.934,0.937,
49029,Morgan,UT,0.949,0.964,0.952,0.966,0.951,0.949,
49031,Piute,UT,0.974,0.967,0.952,0.939,0.934,0.944,
49033,Rich,UT,0.986,0.965,0.956,0.967,0.973,0.965,
49035,Salt Lake,UT,0.974,0.974,0.97,0.973,0.972,0.967,
49037,San Juan,UT,0.96,0.954,0.953,0.95,0.965,0.967,
49039,Sanpete,UT,0.924,0.926,0.917,0.946,0.936,0.934,
49041,Sevier,UT,0.955,0.956,0.952,0.959,0.959,0.96,
49043,Summit,UT,0.969,0.963,0.964,0.964,0.963,0.961,
49045,Tooele,UT,0.935,0.968,0.97,0.97,0.97,0.968,
49047,Uintah,UT,0.95,0.953,0.954,0.96,0.949,0.947,
49049,Utah,UT,0.945,0.958,0.935,0.956,0.938,0.952,
49051,Wasatch,UT,0.953,0.953,0.948,0.955,0.948,0.93,
49053,Washington,UT,0.933,0.927,0.9,0.916,0.9,0.895,
49055,Wayne,UT,0.93,0.932,0.911,0.941,0.941,0.917,
49057,Weber,UT,0.975,0.973,0.971,0.968,0.968,0.965,
50001,Addison,VT,0.95,0.92,0.93,0.95,0.95,0.93,0.95
50003,Bennington,VT,0.95,0.93,0.94,0.93,0.92,0.92,0.91
50005,Caledonia,VT,0.95,0.93,0.95,0.95,0.92,0.94,0.94
50007,Chittenden,VT,0.95,0.94,0.95,0.95,0.95,0.95,0.95
50011,Franklin,VT,0.95,0.95,0.95,0.94,0.94,0.92,0.94
50015,Lamoille,VT,0.88,0.85,0.88,0.87,0.91,0.86,0.87
50017,Orange,VT,0.95,0.94,0.95,0.95,0.95,0.95,0.95
50019,Orleans,VT,0.95,0.93,0.95,0.94,0.91,0.9,0.91
50021,Rutland,VT,0.93,0.95,0.94,0.92,0.94,0.95,0.92
50023,Washington,VT,0.9,0.93,0.92,0.93,0.9,0.9,0.9
50025,Windham,VT,0.93,0.89,0.93,0.93,0.89,0.92,0.9
50027,Windsor,VT,0.92,0.93,0.94,0.94,0.92,0.92,0.93
51001,Accomack,VA,0.975,0.971,0.949,0.956,0.944,0.947,0.885
51003,Albemarle,VA,0.925,0.928,0.927,0.941,0.916,0.902,0.909
51005,Alleghany,VA,0.971,0.967,0.97,0.891,0.906,0.921,0.942
51007,Amelia,VA,0.977,0.95,0.969,0.961,0.924,0.896,0.932
51009,Amherst,VA,0.979,0.968,0.975,0.943,0.956,0.879,0.907
51011,Appomattox,VA,0.942,1,0.974,0.91,0.667,0.912,0.918
51013,Arlington,VA,0.974,0.976,0.971,0.928,0.907,0.914,0.929
51015,Augusta,VA,0.954,0.914,0.926,0.93,0.927,0.931,0.937
51017,Bath,VA,1,1,1,1,0.971,1,0.976
51019,Bedford,VA,0.943,0.934,0.935,0.956,0.92,0.92,0.895
51021,Bland,VA,1,0.978,1,,0.909,0.911,0.943
51023,Botetourt,VA,0.977,0.963,0.968,0.981,0.953,0.947,0.891
51025,Brunswick,VA,0.985,0.967,0.991,0.95,0.841,0.943,0.953
51027,Buchanan,VA,0.429,0.995,0.994,1,0.982,0.974,0.982
51029,Buckingham,VA,0.994,0.99,0.981,0.906,0.967,0.889,0.863
51031,Campbell,VA,0.941,0.875,0.826,0.898,0.803,0.804,0.8
51033,Caroline,VA,0.969,0.971,0.955,0.888,0.906,0.916,0.896
51035,Carroll,VA,0.966,0.955,0.952,0.93,0.959,0.96,0.931
51036,Charles City,VA,0.706,0.778,0.93,0.579,0.762,0.59,
51037,Charlotte,VA,0.908,0.949,0.967,0.863,0.868,0.889,0.908
51041,Chesterfield,VA,0.881,0.904,0.89,0.867,0.854,0.866,0.837
51043,Clarke,VA,0.97,0.961,0.945,0.881,0.917,0.893,0.929
51045,Craig,VA,0.95,0.932,,1,0.941,0.92,0.968
51047,Culpeper,VA,0.949,0.933,0.928,0.929,0.901,0.879,0.904
51049,Cumberland,VA,0.988,0.981,0.978,0.844,0.909,0.938,0.932
51051,Dickenson,VA,1,1,1,1,,0.993,0.991
51053,Dinwiddie,VA,0.943,0.957,0.935,0.915,0.882,0.902,0.915
51057,Essex,VA,0.958,0.872,0.812,0.911,0.942,0.92,0.931
51059,Fairfax County,VA,0.894,0.877,0.881,0.834,0.817,0.822,0.83
51061,Fauquier,VA,0.925,0.936,0.937,0.946,0.889,0.86,0.907
51063,Floyd,VA,0.849,0.977,0.911,0.827,0.894,0.845,0.795
51065,Fluvanna,VA,0.952,0.897,0.918,0.843,0.904,,
51067,Franklin County,VA,0.963,0.945,0.974,0.956,0.944,0.923,0.924
51069,Frederick,VA,0.952,0.944,0.948,0.938,0.902,0.883,0.871
51071,Giles,VA,0.974,0.907,0.876,0.948,0.877,0.951,0.924
51073,Gloucester,VA,0.965,0.957,0.957,0.967,0.844,0.966,0.91
51075,Goochland,VA,0.964,0.966,0.948,0.958,0.97,0.936,0.928
51077,Grayson,VA,0.978,0.992,0.964,0.978,0.916,0.946,0.926
51079,Greene,VA,,0.986,,0.928,0.945,,0.957
51081,Greensville,VA,0.959,0.994,0.957,0.956,0.825,0.878,0.986
51083,Halifax,VA,0.869,0.832,0.851,0.825,0.845,0.801,0.833
51085,Hanover,VA,0.965,0.967,0.961,0.977,0.962,0.95,0.933
51087,Henrico,VA,0.95,0.96,0.95,0.943,0.935,0.937,0.936
51089,Henry,VA,0.979,0.955,0.875,0.916,0.94,0.877,0.896
51091,Highland,VA,,0.952,1,1,1,0.75,0.938
51093,Isle of Wight,VA,0.989,0.978,0.946,0.949,0.946,0.867,0.811
51095,James City,VA,0.889,0.98,0.94,0.946,0.864,0.864,0.882
51097,King and Queen,VA,1,0.622,1,0.953,0.857,0.9,0.953
51099,King George,VA,0.956,0.981,0.957,0.989,,0.89,0.853
51101,King William,VA,0.98,0.994,0.979,0.978,0.914,0.935,0.938
51103,Lancaster,VA,0.989,0.961,0.961,0.756,0.973,0.88,0.785
51105,Lee,VA,0.889,0.898,0.871,0.883,0.805,0.869,0.89
51107,Loudoun,VA,0.952,0.954,0.95,0.899,0.913,0.941,0.929
51109,Louisa,VA,0.976,0.947,0.867,0.925,0.918,0.931,0.922
51111,Lunenburg,VA,0.983,0.99,0.958,0.984,0.911,0.919,0.964
51113,Madison,VA,0.95,0.972,0.869,0.947,0.876,0.832,0.869
51115,Mathews,VA,0.986,0.97,0.97,,0.983,0.981,0.92
51117,Mecklenburg,VA,0.99,0.971,0.995,0.978,0.96,0.952,0.914
51119,Middlesex,VA,0.967,0.974,0.969,0.91,0.955,0.907,0.89
51121,Montgomery,VA,0.96,0.959,0.954,0.944,0.907,0.905,0.887
51125,Nelson,VA,0.906,0.89,0.886,0.838,0.899,0.869,0.924
51127,New Kent,VA,0.909,0.935,0.958,0.881,0.943,0.939,0.913
51131,Northampton,VA,1,0.985,0.961,0.991,0.965,0.967,0.931
51133,Northumberland,VA,,0.97,0.963,,0.957,,0.878
51135,Nottoway,VA,0.929,0.923,0.954,0.973,0.904,0.921,0.833
51137,Orange,VA,0.958,0.976,0.964,0.971,0.946,0.847,0.917
51139,Page,VA,0.959,0.952,0.971,0.95,0.927,0.919,0.965
51141,Patrick,VA,0.981,0.974,0.982,1,0.944,0.938,0.932
51143,Pittsylvania,VA,0.952,0.951,0.952,0.981,0.972,0.914,0.963
51145,Powhatan,VA,0.975,0.883,0.962,0.95,0.911,0.891,0.913
51147,Prince Edward,VA,0.97,0.973,0.988,1,0.981,0.98,0.856
51149,Prince George,VA,0.957,0.968,0.961,0.952,0.887,0.908,0.914
51153,Prince William,VA,0.96,0.958,0.945,0.893,0.891,0.94,0.935
51155,Pulaski,VA,0.991,0.991,0.981,0.93,0.981,0.986,0.791
51157,Rappahannock,VA,0.981,1,0.983,0.968,0.862,0.95,0.89
51159,Richmond County,VA,0.966,0.936,0.988,0.967,0.891,0.939,0.885
51161,Roanoke County,VA,0.971,0.97,0.971,0.971,0.948,0.954,0.94
51163,Rockbridge,VA,0.988,0.955,0.945,0.98,0.92,0.88,0.964
51165,Rockingham,VA,0.946,0.942,0.952,0.923,0.919,0.897,0.907
51167,Russell,VA,0.99,0.981,0.977,0.983,0.97,0.956,0.973
51169,Scott,VA,0.906,0.955,0.969,0.938,0.896,0.9,0.908
51171,Shenandoah,VA,0.967,0.957,0.964,0.96,0.923,0.95,0.943
51173,Smyth,VA,0.987,0.977,0.991,0.96,1,0.979,0.977
51175,Southampton,VA,0.975,0.984,0.969,0.964,0.962,0.939,0.954
51177,Spotsylvania,VA,0.914,0.921,0.92,0.906,0.811,0.892,0.892
51179,Stafford,VA,0.956,0.941,0.957,0.957,0.922,0.941,0.907
51181,Surry,VA,0.969,1,0.95,0.917,0.977,0.935,0.912
51183,Sussex,VA,0.979,0.961,0.92,0.818,0.827,0.84,0.853
51185,Tazewell,VA,0.939,0.923,0.896,0.838,0.832,0.831,0.636
51187,Warren,VA,0.889,0.93,0.929,0.874,0.848,0.879,0.677
51191,Washington,VA,0.864,0.934,0.943,0.969,0.914,0.892,0.895
51193,Westmoreland,VA,0.935,0.919,0.991,1,0.901,0.908,0.96
51195,Wise,VA,0.934,0.936,0.952,,0.94,0.944,0.874
51197,Wythe,VA,0.896,0.854,0.938,0.889,0.854,0.958,0.939
51199,York,VA,0.954,0.975,0.975,0.943,0.937,0.905,0.928
51510,Alexandria,VA,0.965,0.952,0.945,0.913,0.886,0.905,0.941
51520,Bristol,VA,0.943,0.928,0.941,0.933,0.847,0.909,0.902
51530,Buena Vista,VA,1,1,0.984,0.942,0.966,0.803,0.844
51540,Charlottesville,VA,0.915,0.96,0.934,0.927,0.912,0.927,0.926
51550,Chesapeake,VA,0.955,0.898,0.947,0.951,0.932,0.921,0.911
51570,Colonial Heights,VA,0.961,0.965,0.911,0.909,0.872,0.924,0.922
51580,Covington,VA,0.979,0.966,1,0.974,0.89,0.846,0.845
51590,Danville,VA,0.976,0.978,0.935,0.893,0.947,0.903,0.88
51600,Fairfax City,VA,,,,,,0.822,
51610,Falls Church,VA,0.97,0.995,0.976,0.983,0.971,0.984,0.938
51620,Franklin City,VA,0.977,1,0.976,0.983,0.986,0.904,0.886
51630,Fredericksburg,VA,0.898,0.946,0.952,0.968,0.893,0.909,0.954
51640,Galax,VA,0.869,0.982,0.991,0.989,,0.964,0.903
51650,Hampton,VA,0.954,0.929,0.938,0.919,0.93,0.928,0.951
51660,Harrisonburg,VA,0.95,0.956,0.915,0.927,0.871,0.898,0.908
51670,Hopewell,VA,0.965,0.926,0.92,0.883,0.857,0.881,0.885
51678,Lexington,VA,0.98,0.808,0.959,1,0.906,0.917,0.942
51680,Lynchburg,VA,0.967,0.887,0.686,0.784,0.501,0.574,0.522
51683,Manassas,VA,0.954,0.972,0.957,0.98,0.943,0.965,0.971
51685,Manassas Park,VA,0.981,0.913,0.855,0.839,0.908,0.875,0.958
51690,Martinsville,VA,1,0.986,0.985,0.986,0.967,1,0.922
51700,Newport News,VA,0.871,0.93,0.934,0.921,0.845,0.885,0.825
51710,Norfolk,VA,0.912,0.903,0.927,0.901,0.873,0.871,0.847
51720,Norton,VA,0.913,1,1,1,0.971,1,
51730,Petersburg,VA,0.811,0.97,0.844,0.803,0.769,0.641,0.824
51735,Poquoson,VA,0.965,0.97,0.971,0.986,0.909,0.777,
51740,Portsmouth,VA,0.968,0.961,0.943,0.924,0.75,0.707,0.695
51750,Radford,VA,0.973,0.965,0.976,0.919,,0.961,0.962
51760,Richmond City,VA,0.916,0.924,0.9,0.862,0.896,0.892,0.898
51770,Roanoke City,VA,0.954,0.95,0.959,0.951,0.926,0.922,0.909
51775,Salem,VA,0.959,0.97,0.951,0.947,0.899,0.9,0.907
51790,Staunton,VA,0.964,0.955,0.77,0.974,0.967,0.951,0.933
51800,Suffolk,VA,0.98,0.967,0.977,0.981,0.943,0.936,0.925
51810,Virginia Beach,VA,0.944,0.946,0.938,0.936,0.899,0.899,0.904
51820,Waynesboro,VA,0.996,0.985,0.966,0.955,0.958,0.929,0.937
51830,Williamsburg,VA,0.945,0.959,0.961,0.936,0.922,0.917,0.893
51840,Winchester,VA,0.98,0.957,0.929,0.959,0.941,0.933,0.95
53001,Adams,WA,,,0.97732997,0.97278912,0.9631728,0.95833333,0.91714286
53003,Asotin,WA,,,0.96326531,0.91785714,0.87912088,0.54661017,0.92016807
53005,Benton,WA,,,0.95983087,0.95373797,0.94496044,0.94527545,0.94438223
53007,Chelan,WA,,,0.97652081,0.97420147,0.95384615,0.94541485,0.93818985
53009,Clallam,WA,,,0.88689408,0.9047619,0.84977238,0.80415945,0.82758621
53011,Clark,WA,,,0.92066998,0.93742204,0.92757766,0.90844037,0.89903755
53013,Columbia,WA,,,0.9375,0.94594595,0.87804878,0.76190476,0.80851064
53015,Cowlitz,WA,,,0.95136026,0.95540797,0.93661972,0.92829901,0.93703397
53017,Douglas,WA,,,0.99232737,0.99029126,0.96618357,0.96566524,0.94594595
53019,Ferry,WA,,,0.84482759,0.83928571,0.85,0.87671233,0.86666667
53021,Franklin,WA,,,0.97460938,0.96143058,0.97339109,0.95849802,0.94777699
53023,Garfield,WA,,,1,1,0.93103448,1,0.88235294
53025,Grant,WA,,,0.94451962,0.94016506,0.93376623,0.88888889,0.91015089
53027,Grays Harbor,WA,,,0.87798036,0.91788079,0.93156425,0.93675889,0.87533875
53029,Island,WA,,,0.93664596,0.93513514,0.90820073,0.91718946,0.92329149
53031,Jefferson,WA,,,0.87341772,0.91558442,0.73893805,0.74688797,0.79166667
53033,King,WA,,,0.95635148,0.9497992,0.93501789,0.92108802,0.92208376
53035,Kitsap,WA,,,0.94858979,0.93779293,0.9202925,0.92130155,0.91782407
53037,Kittitas,WA,,,0.91927083,0.9,0.79533679,0.88135593,0.90339426
53039,Klickitat,WA,,,0.87203791,0.9124424,0.8802589,0.94505495,0.86259542
53041,Lewis,WA,,,0.96473552,0.94530321,0.93715546,0.91384951,0.8887574
53043,Lincoln,WA,,,0.9068323,0.89473684,0.86259542,0.82901554,0.89949749
53045,Mason,WA,,,0.89915966,0.96701389,0.91486291,0.93033382,0.87883212
53047,Okanogan,WA,,,0.93347193,0.93607306,0.86393443,0.86432161,0.88689408
53049,Pacific,WA,,,0.96491228,0.96842105,0.93413174,0.86666667,0.82513661
53051,Pend Oreille,WA,,,0.95121951,0.84210526,0.73255814,0.75409836,0.8
53053,Pierce,WA,,,0.94494361,0.94553923,0.9299078,0.9125278,0.91577956
53055,San Juan,WA,,,0.89256198,0.91666667,0.89320388,0.89285714,0.9009009
53057,Skagit,WA,,,0.93700265,0.94276875,0.89541161,0.91516894,0.9070632
53059,Skamania,WA,,,0.86075949,0.95454545,0.921875,0.89166667,0.85263158
53061,Snohomish,WA,,,0.94183022,0.94987654,0.93096479,0.9247807,0.92387111
53063,Spokane,WA,,,0.92569294,0.9168121,0.88921617,0.86629853,0.86362039
53065,Stevens,WA,,,0.83981693,0.85933504,0.84349593,0.76632302,0.76923077
53067,Thurston,WA,,,0.93664077,0.9525339,0.92747188,0.93497475,0.92864157
53069,Wahkiakum,WA,,,,0.96391753,0.77777778,0.81481481,0.90625
53071,Walla Walla,WA,,,0.96998636,0.94490818,0.94528875,0.9359375,0.90851735
53073,Whatcom,WA,,,0.9212528,0.88729704,0.86597001,0.86831979,0.86805846
53075,Whitman,WA,,,0.933687,0.97014925,0.89565217,0.9,0.90294118
53077,Yakima,WA,,,0.96810811,0.98184211,0.96779614,0.96701811,0.96408007
55001,Adams,WI,,,0.77,0.716,0.678,0.681,0.664
55003,Ashland,WI,,,0.835,0.744,0.717,0.738,0.737
55005,Barron,WI,,,0.763,0.762,0.739,0.695,0.684
55007,Bayfield,WI,,,0.727,0.668,0.711,0.701,0.672
55009,Brown,WI,,,0.822,0.802,0.796,0.793,0.792
55011,Buffalo,WI,,,0.781,0.789,0.77,0.736,0.734
55013,Burnett,WI,,,0.755,0.731,0.709,0.728,0.664
55015,Calumet,WI,,,0.862,0.836,0.831,0.822,0.81
55017,Chippewa,WI,,,0.822,0.795,0.788,0.791,0.768
55019,Clark,WI,,,0.579,0.521,0.513,0.482,0.458
55021,Columbia,WI,,,0.791,0.768,0.762,0.77,0.767
55023,Crawford,WI,,,0.707,0.646,0.641,0.619,0.615
55025,Dane,WI,,,0.807,0.785,0.763,0.76,0.757
55027,Dodge,WI,,,0.77,0.739,0.745,0.745,0.748
55029,Door,WI,,,0.758,0.763,0.766,0.712,0.746
55031,Douglas,WI,,,0.694,0.693,0.68,0.671,0.645
55033,Dunn,WI,,,0.777,0.736,0.705,0.72,0.759
55035,Eau Claire,WI,,,0.783,0.768,0.74,0.741,0.746
55037,Florence,WI,,,0.747,0.759,0.717,0.659,0.611
55039,Fond du Lac,WI,,,0.833,0.813,0.81,0.809,0.8
55041,Forest,WI,,,0.897,0.844,0.785,0.75,0.778
55043,Grant,WI,,,0.617,0.604,0.578,0.575,0.583
55045,Green,WI,,,0.853,0.847,0.823,0.804,0.767
55047,Green Lake,WI,,,0.772,0.728,0.728,0.695,0.674
55049,Iowa,WI,,,0.841,0.805,0.824,0.792,0.786
55051,Iron,WI,,,0.693,0.651,0.606,0.607,0.63
55053,Jackson,WI,,,0.763,0.746,0.704,0.698,0.673
55055,Jefferson,WI,,,0.832,0.803,0.791,0.781,0.796
55057,Juneau,WI,,,0.797,0.747,0.737,0.744,0.726
55059,Kenosha,WI,,,0.734,0.694,0.686,0.688,0.694
55061,Kewaunee,WI,,,0.893,0.862,0.842,0.82,0.812
55063,La Crosse,WI,,,0.832,0.803,0.788,0.787,0.771
55065,Lafayette,WI,,,0.699,0.638,0.617,0.647,0.642
55067,Langlade,WI,,,0.828,0.746,0.747,0.765,0.781
55069,Lincoln,WI,,,0.824,0.812,0.813,0.785,0.772
55071,Manitowoc,WI,,,0.844,0.816,0.804,0.807,0.803
55073,Marathon,WI,,,0.83,0.814,0.816,0.808,0.803
55075,Marinette,WI,,,0.767,0.741,0.757,0.75,0.74
55077,Marquette,WI,,,0.738,0.726,0.674,0.631,0.658
55078,Menominee,WI,,,0.807,0.78,0.747,0.784,0.75
55079,Milwaukee,WI,,,0.78,0.747,0.719,0.715,0.724
55081,Monroe,WI,,,0.696,0.654,0.637,0.609,0.588
55083,Oconto,WI,,,0.834,0.8,0.78,0.784,0.794
55085,Oneida,WI,,,0.773,0.744,0.762,0.737,0.749
55087,Outagamie,WI,,,0.862,0.833,0.812,0.798,0.787
55089,Ozaukee,WI,,,0.82,0.81,0.818,0.808,0.804
55091,Pepin,WI,,,0.724,0.712,0.687,0.708,0.665
55093,Pierce,WI,,,0.736,0.737,0.718,0.727,0.71
55095,Polk,WI,,,0.711,0.686,0.695,0.674,0.669
55097,Portage,WI,,,0.82,0.806,0.795,0.791,0.795
55099,Price,WI,,,0.734,0.693,0.655,0.675,0.698
55101,Racine,WI,,,0.801,0.753,0.723,0.726,0.738
55103,Richland,WI,,,0.714,0.675,0.69,0.627,0.631
55105,Rock,WI,,,0.743,0.722,0.721,0.719,0.728
55107,Rusk,WI,,,0.748,0.704,0.699,0.701,0.665
55109,St Croix,WI,,,0.721,0.72,0.703,0.711,0.695
55111,Sauk,WI,,,0.762,0.749,0.72,0.715,0.716
55113,Sawyer,WI,,,0.799,0.769,0.735,0.725,0.739
55115,Shawano,WI,,,0.795,0.753,0.741,0.727,0.71
55117,Sheboygan,WI,,,0.847,0.818,0.82,0.819,0.798
55119,Taylor,WI,,,0.704,0.673,0.696,0.711,0.685
55121,Trempealeau,WI,,,0.806,0.78,0.774,0.782,0.77
55123,Vernon,WI,,,0.583,0.571,0.555,0.515,0.485
55125,Vilas,WI,,,0.815,0.766,0.775,0.751,0.732
55127,Walworth,WI,,,0.778,0.762,0.752,0.727,0.732
55129,Washburn,WI,,,0.741,0.734,0.697,0.694,0.704
55131,Washington,WI,,,0.841,0.828,0.815,0.797,0.785
55133,Waukesha,WI,,,0.839,0.821,0.813,0.805,0.795
55135,Waupaca,WI,,,0.815,0.791,0.765,0.742,0.728
55137,Waushara,WI,,,0.703,0.68,0.665,0.675,0.717
55139,Winnebago,WI,,,0.824,0.808,0.8,0.792,0.778
55141,Wood,WI,,,0.824,0.787,0.801,0.805,0.783
56001,Albany,WY,,,,,,0.94,
56003,Big Horn,WY,,,,,,0.89,
56005,Campbell,WY,,,,,,0.94,
56007,Carbon,WY,,,,,,0.94,
56009,Converse,WY,,,,,,0.93,
56011,Crook,WY,,,,,,0.91,
56013,Fremont,WY,,,,,,0.91,
56015,Goshen,WY,,,,,,0.93,
56017,Hot Springs,WY,,,,,,0.95,
56019,Johnson,WY,,,,,,0.96,
56021,Laramie,WY,,,,,,0.86,
56023,Lincoln,WY,,,,,,0.92,
56025,Natrona,WY,,,,,,0.94,
56027,Niobrara,WY,,,,,,0.57,
56029,Park,WY,,,,,,0.9,
56031,Platte,WY,,,,,,0.8,
56033,Sheridan,WY,,,,,,0.9,
56035,Sublette,WY,,,,,,0.92,
56037,Sweetwater,WY,,,,,,0.96,
56039,Teton,WY,,,,,,0.95,
56041,Uinta,WY,,,,,,0.92,
56043,Washakie,WY,,,,,,0.9,
56045,Weston,WY,,,,,,0.63,

